1PFKBWKAX87dHfwLuyBgF31emiT2PpJk7q,0.,2,413614
1PSZPGmNv82RcvcgDADsbpvzprgnuqBwix,0.,2,413614
1Q7goWNYU6LApP4YtUP73HYJAtRHx4u188,0.,2,413614
13C5iCRcfhZUVJPw9D5y9D7uiqcbmXvK5o,0.,2,413596
13zKiiko5xRGkx8DN4jUjw2P4pLeyDCZty,0.,2,413596
14YDZAxRge1JSbzKbQuEsVBTTtnsRTruS2,0.,2,413596
16XyXQNJg6fsKpADYG9Fex8WywttehowzK,0.,2,413596
16dy25go7fTejb35zdESKidhR2AZFBLHBf,0.,2,413596
16eDcfVenJqdqKnHzhBXuP4xhdZWLzMsS,0.,2,413596
1ASqZyTr1N1mUw8U4zmWXbr9hr6S2Kc34e,0.,2,413596
1BNJTtQv8FePjf4Tw2RqxjDJhQ3Z1zLHdo,0.,2,413596
1DFfKjA4mxm6aaTmwvdGcMUX6yADVVL15V,0.,2,413596
1Dg8WMm14hT7QKMnWZHLPjCSWi52a3jqP7,0.,2,413596
1Fd5icm2QQV2nmeqUbdfJr3DKXupRcX9z1,0.,2,413596
1GRLWmQ5YaLnnQw5oaCcS8ZGDSZjgSiQsH,0.,2,413596
1H6rNmii5kTEJnmnQcjGUMz4rZnjHawtZJ,0.,2,413596
1H9RcgRxwrN9PRrsFqW9QKYVmHUPTuLceT,0.,2,413596
1K2vCEgz9mNqG23i9JVtLL18fLihC81WAY,0.,2,413596
1K3Jq2bEpyEADh8VZkNadSwE8Td5BQD3YF,0.,2,413596
1LVtRrVitmCYDsv64VxTwMBC5Pth7DveQJ,0.,2,413596
1LXGoZyy7MQmXDSWZKhRo9KjLN6LESe3JB,0.,2,413596
1LnumGRj1nbctnN8FBTp2hCpWQQxVzdgt2,0.,2,413596
1Mm64QM9LzvWZe3doLQFxn85nQryx8MA4H,0.,2,413596
1NG7CLrkK1WHyGsWoB8B8u3dxor7heS6Fe,0.,2,413596
1NPktwUPzjwcKomLhGABdw4dVKZ4o9VUjE,0.,2,413596
1Ng2SP2cVpZ6eqiaQ1zvXX6TnQW5aWAvrp,0.,2,413596
1Pk26SqYS7RpbXchZZA4NcuwAp8Ccd3mpz,0.,2,413596
1Pskraq2YG5ccNybJt1iMHpPGG7sy18htx,0.,2,413596
15aQYEeTDUvHfKMwjgcuefrcURxyvj64yC,0.,2,413595
12BfjXaodFYTFemtNZxYVr8qcmP94hKcev,0.,2,413588
12b2squ35fRCWnXtQsDLfyBVMe9Sx3piBA,0.,2,413588
14uoE5kh2Nhd9H6NDsMJz6Vgfa15kU1f1H,0.,2,413588
16DQwjCkgzYqDHf8LnyheYF8M3rDewfaUd,0.,2,413588
18AXSfDrFH1zdEgCDVsctszDJzZrippaQ3,0.,2,413588
18nb6qc4MjweVQ19NHmDwAD8NNKEoSoBkg,0.,2,413588
1ApPtncBSJ7Y765nFrUiXHNUAtrHNwvqiv,0.,2,413588
1CWN6SToxuvBerVkRQRdwY6AxYjYGUkLHD,0.,2,413588
1EDjRfwo6izZRWZsbeKjxRvj4oyr2kE8wp,0.,2,413588
1HmWnWrzwtz7rtz5NSd6kMR5RMHQj5yuKa,0.,2,413588
1J7DMGQ459KH6C6cMQ2RXNpyZnMVW2trxr,0.,2,413588
1JgdVJRMCGFtb3Bi1JtF7FGtToQNC9qSFi,0.,2,413588
1yaAGwjtsVhtVZe7Qq5ydw4TomtLp2P55,0.,2,413588
11Vxz9PqPBKmV6sutPfwFNoDjhuyujxXC,0.,2,413566
13A9BvztggvhppL7mLrwhV9XzcLnhUqkzJ,0.,2,413566
13FUg6NxHdkZjiKzggSAzX2vL78kdoprxi,0.,2,413566
14pmWPVxF4ftkTciEiw5uveXt2S3a2SvCi,0.,2,413566
14sf8WKT7HpgTCbD25cci7FHoBZJaNH2qW,0.,2,413566
16NkBA7DdQmmjwQfbS3bVxR9PzmwFWCo8K,0.,2,413566
16WkhcHvDLVsMF5uTANkiUayQAKFb1EXyn,0.,2,413566
19nwqmMDPSTpPa4JUrKwfEqMNfamXpMYmy,0.,2,413566
19rS6uWYZJsieCBeHRYEJQFGDq2j3FJJdJ,0.,2,413566
19rmAAekZ1b9XSB2BBrcjrrTd3VuvzpvtY,0.,2,413566
1A4RJTXaeKSVv6CQWYhoRnxJAneswwfzwc,0.,2,413566
1AwdPXjNN3oPbo3wTVTWaCkAy7pR5iaPZ8,0.,2,413566
1BLFAf11zp8uQeX3kumUQGqtzbCKJo4CkV,0.,2,413566
1BrRxtFHQqcUsBtm8pwX78rd8j1c1FYPns,0.,2,413566
1BxHgXmtEL7vZZ2iSDote2xBzUZcFRq3Tz,0.,2,413566
1Crk6vhG8sJbzrdXezMULzSCse9XKCCKQt,0.,2,413566
1Dsevfr48xXmxq37wt1YRTwnBvy8JsDKky,0.,2,413566
1EYGjpRSSaWBCdtDesib33dreqC4QVFrsW,0.,2,413566
1FMuF5uRZuzTBNtpjGR7BsmCDShPGNtixQ,0.,2,413566
1Fi5ErXm3i1hkP7tKGC5SnzhJNVnYjAXwm,0.,2,413566
1FkRm3tbCa7vpn9Daa9qwwEHY6WvqQEGVz,0.,2,413566
1GYd13BGbeMKiev5FChwJPDxet3Mi1PTDp,0.,2,413566
1GsE1wgw9MqYsnyba7W4hKuhMCTY4R1ZEe,0.,2,413566
1LHjdpGNuVcjmnfYexDeJYmYo5H62p1DTj,0.,2,413566
1MJm8Qaxcc6dBEVZwNZAUiLow5yU8xRDYK,0.,2,413566
1MT1knZtKgnD4bbUWJdYeJE1RrdqJH8yXA,0.,2,413566
1MwLCyMMTYm5EBcVLzK2kbD1SL5236UpRJ,0.,2,413566
1NCyyR8u2FKzeRFgUKsTg9AcvywvHNuTGV,0.,2,413566
1NGpmLEgLUWy15Hu2Cz3XQBhXH6LXweCqL,0.,2,413566
1NHpJ5Y9SutQBRXbp9qPwxYjpGhsWXbdKR,0.,2,413566
1PCwLGhZenrRM2duoPfbbec4CdfxLsfP3Y,0.,2,413566
1PSQnfV98vtmiyCKBVAH6YQ6JzzzUg5qGg,0.,2,413566
1PWdqjDx7LWafUbAMkrctzyhmjd7LbvjZB,0.,2,413566
1k9fA7BizEntv7rWBsbkgDchBqR3aCxuQ,0.,2,413566
12fPEEtuvMQpCWQ2f83TBk8MrddHUowce4,0.,2,413562
12kLvJqDxDEKdEnBS6ogCWC6XYsRd3pNb8,0.,2,413562
14x6CvyQQozQkbLpk4yQgoyQjd8RDMNXop,0.,2,413562
16cfTPmWZAH9VHfHa6socgX3RpjQ4V1LRP,0.,2,413562
173Xh5guhw7z4bFePKA6UudNLwJ8DcprLF,0.,2,413562
17MGHPBtdW8Fu32ouPoJBXnWpT56Buaedr,0.,2,413562
17reabqqXT5aVPX2R4icAHVLPQFrt9V9j2,0.,2,413562
19fJCeEqSKbkSC4AfWUGwAEwurMrAMTBMW,0.,2,413562
1ALHADs7ohvYZy6wtkKFJt5GWiFyZMe4ph,0.,2,413562
1AW7ZTbjztxoxCfdQWGwivv6qtRKMmp6xG,0.,2,413562
1AY8tBfDAUM3fhYXtuSGXiU5qSieWBjvfL,0.,2,413562
1AwCQLuwgayNabQLptkhyM9bRWqcBuXxUe,0.,2,413562
1C7zmf5ZXUtR2M53SYWmHG3zA17kpP4WWW,0.,2,413562
1C9sEnyYDngSccfrmQ8MqB4u64PJEvequH,0.,2,413562
1CE5romszokSF5gY2wfcUtxT3WSe1u2ZuP,0.,2,413562
1CP2hzxX6ac8QADc4MF96o2CXwQpFeeyWj,0.,2,413562
1EMShr7T7oacWwTcvLLSqA4vPeDxHj6ZiF,0.,2,413562
1EwAn1wQBSVzPrEjvKsZXxq4Q2DpmdKJEz,0.,2,413562
1F6ZRQ65JkPZJ1w1D2xwddiEMZpn9nZsqu,0.,2,413562
1FwHzqzNq14T9i4ghvBVcjdADJUXAVXxaK,0.,2,413562
1G3hBH6zspwGh6xWniMg7aHaVBYiaQyuCf,0.,2,413562
1G8SX2is1JrdA1jdBow5RJkemho3hZBpuP,0.,2,413562
1GY3JGjoHy4PE4zbpADK3W94mGgnPiAWcU,0.,2,413562
1GZ657yzL3rSWi3ASJ3LYzjo2BKbMDfgWV,0.,2,413562
