1E9MrKJtWzbtYGKjm5gVT2JkhwYYQZDc8w,0.,1,336624
12GqUcWQWvs9XMGnW25zFgCZfdXR9dVMvy,0.,1,336623
1CV6hspgu3QwtALN2sWSY8c5jFrkoJxCUP,0.,1,336623
149w1cv8qpCSpzPy5wNGKSATSGGWMQVfD8,0.,1,336617
14v77YhbsYxgLK5ZfoLC6Mr5pYQMduTibz,0.,1,336617
15Yh5PimUhK2K9yCKdVPT2KCYCqAsvB9NU,0.,1,336617
16L4uZ38xz743GbYY1RPfpJPgkt1F9L8AB,0.,1,336617
1BnaCu1ku79VobbjUf65N3BmPBeZPqVJrV,0.,1,336617
1DYCyCs2WiucJ2hpvtDSgkt2jCZZm7vvrm,0.,1,336617
1EUeoSmPxn8yq71v11w3NCayFSPjfiN879,0.,1,336617
1G8cDTdZsk5JQE5Hj5z7Gmy11pfWSf8Rzm,0.,1,336617
1HSo3MqWUejKJogLLMq1vZLfwa6ydAggPR,0.,1,336617
1Lada6jbGgR6DJz8LkGVSmUfC5MWE8ssij,0.,1,336617
1Pr5wuXFxjP5R78TxDoFZvuhN8vibCe3S5,0.,1,336617
15f9GWzuEKtcRgMTjXUTU1c24DF3bWATSa,0.,1,336614
1Mes1vqJbfohrWfd6WL9A4EGowGDZgTzhK,0.,1,336614
1LHTtmSH4REjp5vTSdp5BpPSBpk9BdY7Z3,0.,1,336606
114h6XVy3q2nN2kRStS2p932mUuCAX1dDN,0.,1,336604
1CqgrNU4HzD4Pq4dYckFSa4EgxPtuYiuP1,0.,1,336604
1H3onxrbuzPwyY91knBDCf8DBYAYjojyYi,0.,1,336604
1PkZwQQxmnhM3v62D9r8HgNDbiW6vMD6vo,0.,1,336604
12eUPXnoKoQgaCC195jgSewxwSsByVGf6q,0.,1,336603
1AKMBF8nSWYdsEB2x9wuyEG1g7N7AhicxW,0.,1,336603
1FpuMHJvB8VCNpYTkPBm6dEDYHVPam6RvM,0.,1,336603
1FyKXeuiZZxF6giGhDEpnvymNhPWud9h83,0.,1,336603
1MYzjUBZCTPc9K6pgwrGAHkFwmLmX6iuXL,0.,1,336603
1Mk4vQgHUhPWuGVx9ZDV97LeawVBrAhj51,0.,1,336603
1Q7mRdZim7mGzuuwCSGRdrd3AgMA6Kk7ZL,0.,1,336603
14BQGQtzBM3d8LLL9UDFQuUTGPpq21VLvu,0.,1,336602
1883mPjbTAFq62W8efPLhYYo8fL3XtAK3X,0.,1,336602
1JCPKmQq739MiUd2TQboxQ9B35SfWC58oW,0.,1,336602
1QCYF68zvt6qeJ81ZiDsyRFyMcbWFSBtvP,0.,1,336602
128akLzTcK11VPaagAkQhe81RUMRqdhc8B,0.,1,336601
18AvFpigDanRSUUphuAzapiW2j2km3NHoY,0.,1,336601
1MNT5fZx9uHnJLYKUzzt8xeHnJT2SQcPUg,0.,1,336601
1NZ27MQqemaeisxrBSZCaJ5i4f4b4eKCwm,0.,1,336601
1zVdS5ujcoWFjUnQevE4smqKzQyDoq1bX,0.,1,336601
12xUb6S82W6F7wt5ZwEUcxAat2qXEt6zQK,0.,1,336598
13N6b3Jo6UvjKvc2WB26JZsWwRhrbVuaBV,0.,1,336598
1J36qdup7zkEqQaJb3oWvu5vLuiAkFAtsv,0.,1,336598
1CBYAuUyig2PvxMhEq7NE9h1ASnCisLfuE,0.,1,336596
1Ksnre9QwBYEHjXqjb8BmmQhGj4LJA7nsV,0.,1,336596
1DE1Y1gTSz8JQBy5YtM8Nook1QaPaeVcPB,0.,1,336588
1FafSkBsUmt8D1a2E3oDjcesZfGEqoXrp,0.,1,336588
1L4RjX3TfZVTiQPL98Hs9R6ar3Bv8rw6XF,0.,1,336588
1Pm1T3N2uTNDe1tZ8RbTJCKV63j5camHVa,0.,1,336588
1RMJHyHProysBiDXD4CHFUorTmdBgmz9g,0.,1,336588
1MPNsA9QWUcSjGhmReQXa1QJJ1VyktqUYY,0.,1,336580
18iUyawJ4wzpAm9KgEaYSWeaQdJNMqxMFM,0.,1,336554
1LvzCKB1SSpfZiXucQoFG8pWkz1oRZCZ1y,0.,1,336554
13sLUgcsqgtNrE36gsoQYgPKk1c44t7R2w,0.,1,336551
19ZqNfKR7RpMaKVjchtMQkF2qFM8Y8kTTx,0.,1,336551
14azBB4TPDkAwnyHbKPY2XznJmWuyLxskD,0.,1,336549
1A7z6UBQvnud1feHyMWXsscgVhdb3T3FXU,0.,1,336549
1Hgs7u1Q5wfYoqu2vWBvBnnfCyuZRc1H4E,0.,1,336549
12nHNaE8K6WobQ4HG11k9GcB5P2J7cYwR5,0.,1,336547
17UDbfrZXwXptMv8Voo4dbbqmQwueN2LTJ,0.,1,336544
17iqSjGjn7cSJcYwXEtxsGzG34ZfWCxtqZ,0.,1,336544
1KV1eXH9R5a5JDbC9SaCNQnbew9mNLvepP,0.,1,336544
1FRoVg5JZjSi8Pj2Bte3uoa2Ph62EDMczA,0.,1,336540
1MCJW6bJCWYfGYV97zvSQwKDWkrv5nsoyJ,0.,1,336540
12qCa5fs57tFsvebwyfZg5GuyPNL6dM3fc,0.,1,336538
1APDcSynAPwDHMhhqqxeJbw2oDfSjzqaMn,0.,1,336538
1NRGtGyMQ1f2Qf2efyG3BXLvAce6afA3sR,0.,1,336535
1NU9mbVqAXycexYg7rQipD84K7GuZvPuoU,0.,1,336535
1tHvHhCBKUhSgTJ4PP1HMekTxjEULXACH,0.,1,336535
16Vbt5QeCMi5yCWFMNT21yMaLzvX59Y7jk,0.,1,336533
1HALzFEn6Tb69mh3WQQZ2nyMDx8hL2P8k5,0.,1,336532
1K1eqZgk3yxpqr9MCftYdxDGJ1onyPoyaq,0.,1,336532
12kaTKj9JhYuG1t5VYBMujNxQFrQQns8Mh,0.,1,336530
1Hbhvr9Kdhk7NKgrxJfw2XRrC6MW1vKwjA,0.,1,336527
1F3MGM4WdfkEUfMeBo2XcXchvenwViRUWj,0.,1,336526
1PN2JKnZeg3dTPPYTkWyaZjjGVj5EmhopK,0.,1,336526
13eKX4y99R4Ew3Es8fW6DCSNgq4z9py4yV,0.,1,336525
1DDcEGpxpU6yzANEvPWyC2iLt7uhnXAtSB,0.,1,336525
1FMnkT9h1SGRUE5QNGEX8cVu75i5qyFD8U,0.,1,336525
1GaStyT8nZSX63pyYB8o38HsecXfkHvSDN,0.,1,336525
1MSmucsu7uU3847Wn2Q6HNe9uDKiyN9qJk,0.,1,336525
1PBXY6SQkpJVufuBNxwMV4TjPNq2wsqNRN,0.,1,336525
1Ppcgq3P2iKLY6PuaqtMtJ7YrkdyGuo3k2,0.,1,336525
1qxPx4zY3t9upcYjejq9Pt9QDqc4MY87n,0.,1,336525
1xY5Qq163RZ8AGNuRAU8EKaUdMXkUM7Jk,0.,1,336525
12UgveB1vFofrph1o49TM86zi7SJSYRbEN,0.,1,336523
15ZRNsSZCrAWry2DvdXGnpAM9jt1ciNAck,0.,1,336523
189DZ9iZeyKaNpe4RCkHzhBH5tXqW7Sbn9,0.,1,336523
1BWMUHFJiURgZLev7hiPZTyfA5kmTbQkUK,0.,1,336523
1NLhENUhRU4iZ5GMuc6RNYvrabbJUyzMTq,0.,1,336523
17RAVJAK8dQG6rrux4kWkZMFK1KHYqC2RN,0.,1,336522
124beZgKeSbrCGYkz5YCzfMNLX9hkXkQPo,0.,1,336513
15q8siKTCEWhmN9Q4WQMzSEd1mHkpwKUEN,0.,1,336513
1J41raU73diwwgCEakwCGr5WYdzFjGKuk6,0.,1,336513
19x3akuSyV9Uqa5osJQ3GESRyAgWBUho68,0.,1,336512
1CyGekYs6q9R3V1hCtuMZnEHfoVH3jkB8Z,0.,1,336512
12L4PxntEH3ERVZKFGPkYZNXxmd31tjwG7,0.,1,336507
1DTEztb4habFRkU85AxmEZyYnsneGT5awS,0.,1,336507
1Fru9K73WBWh6twqGMZHYyu8yF3M8Q5GLD,0.,1,336507
1GQwMZDqAaLsLbjFotVyUZYM6jjn3AhNqd,0.,1,336507
1NiviT3hpSDgJw82RWiMgmNjb4CZgyRko,0.,1,336507
13ZSybqtj7oy19dcQWtY1LRocyAyrQ8aJi,0.,1,336502
16XYRNhHnMw1bJTqCBq5tA3FHy1fy15Z5J,0.,1,336502
