12Egqt7TFi5YYR3h2s4Xu3WSDvmwBAT2oK,0.,1,383653
1pfRnrDK6RVZmh12EvgLgTvLjZ6LFrgqE,0.,1,383653
152tNc5LDY2P4dqcjenuKb53LW1bC1SpGe,0.,1,383651
1EYM258895rcXvWfmyjutf8JqKmpo9gEaF,0.,1,383651
1GqJVQAf3UWBPS3vDPPLCJAQC4vNpxkuCG,0.,1,383651
12GWGZMUjWccbVtUfuAnG1RmtWNFnsiB59,0.,1,383649
16LtiwHcnCw5dv2THUKKAgbFhayAXfMwVB,0.,1,383649
1PshfJJXKZy7ZwFR5v4gfHZZ5fUyTHC9nn,0.,1,383649
1AZFQNNn9YM8CsrRtr3ceV7xt2SLx4DXbT,0.,1,383648
132hZ9HZDrfhJepsywN6sxf4xQewXcTXQ2,0.,1,383647
15KZZ57mXDrnF5kfSgo47xdTjxwCKB5DcP,0.,1,383646
1AEDJWbGcwa258bsrx7xV97sAQDeXtfvc1,0.,1,383646
1JRUiVZPxjdxPgHMjxNEZRGHn8Ak3kT5S2,0.,1,383646
13Mj3kVgs1eD6k9TRGp94ZTEtyU5yDGtJG,0.,1,383644
1K3WDzEPwbwo4HAPqVGZG6jGCbMdeAuNJQ,0.,1,383644
13Rb4Sz5TqTZKfU1WqYq8cUhyMHLjVumMv,0.,1,383640
125T1TRbKFDjHS711UprbDwxRkBnkh26Hq,0.,1,383639
16TK84K5FDGzd385e1QPQ4PUe4b7dRWvc7,0.,1,383639
1DSRjb8pGMvUxcUhdvbDf57Dtxm97mjR4a,0.,1,383639
1FzCQhswne4adP4cUUs93KwfHBewG46BpQ,0.,1,383639
1JmwJc26Kc295vFiMbhsWADfL8XjHDfKQf,0.,1,383639
1L4dN3KHH5Dr43dhTkcLhujZWucXmnYnG9,0.,1,383638
1LjM2rjcNAWv3kjfgNYij4QMMjox4b6xMj,0.,1,383638
1NheWYqrBjLVbRQpwr3VDg5kYGs5VA2bM9,0.,1,383637
1FB8VsHfqvbM4BCffEPt6KPjPYKfvZesBT,0.,1,383636
1Q2QLfexmuoo6RoEZna64QZRRmSkqgDN41,0.,1,383636
1BFZebQE8jj3J5LPxoSng9keHGLj6HSYqc,0.,1,383634
1BUd5F7AX3gJksxfoCBUrNmKMi8BdaNfvG,0.,1,383634
1Pkjxg713aKRw63U1dQKCp6tP4U3ch3Sjd,0.,1,383634
1Pmvmt9Xf3qvR6hwuQ7eZstEQPxXzrfdHg,0.,1,383634
1ZAM3moQu1CdwecW3kRcBcbo7EHusF4ig,0.,1,383634
1jesuTEhCS15Ut1VwWK6ZsAR15J4PCbdE,0.,1,383634
19zeC1ZZq8NTiMpTEWr7HuqJvztQr6Ewe,0.,1,383631
1A6cQuaW2hmroEFKRWgM9qGNoywwfimj6D,0.,1,383631
1ESbeiJ61xFbtgYHGNiS6Kn9ZdTfZ7i86q,0.,1,383631
1KELwt7rpyPN1S9JaXzBU1qjYKUYdkVWTC,0.,1,383631
1LfzXzpZwf3QuwuqE5yp5nZxXVyQc6WGZy,0.,1,383631
1M2CgtDtQJk5zqBQSSmzEDVGBLsEAkn2B,0.,1,383631
1Mik5RTHeh5hCLfTyWvzvrRhEGWMhxEe2o,0.,1,383631
1NB1aENaghMobFDYWjNLj5nKgetuuThe6U,0.,1,383631
1PZpZPUn66HHLMCUX4P6Ahpjts2Yt9Bs8e,0.,1,383631
1LRsHyMpnhGVYSMnG9nr6sV62gRd9Fkr4b,0.,1,383630
19Dc9CYa2mGZVx1EfiLpgM6fa5ZzALXor5,0.,1,383629
1BziGd5Lf1Ykm8jweQF8dAhpweEyrjZrUy,0.,1,383629
1JoJ1GHNS5p44Fe1d65RsyneoUKF95w5qf,0.,1,383629
1JQbVk71vQsc1AJVT5RXXwVjqF6aWFqztR,0.,1,383628
1Cv9jaZMixisV2XGtyY9C8CTamn1KbQc3i,0.,1,383625
18LY5TJynK7eEwk1hUjM9KF19hVJCpi1Uc,0.,1,383624
1NcZEM3y2MHsBqantpWort9otf7LwNHLPA,0.,1,383624
1FMkBBMWmimZ43mKSjvi1CimhnGE9aJA32,0.,1,383621
1HYmB2SphhQEFMq7EXWsWtrnioMEyHHfeo,0.,1,383621
17zt8NGhptitqruJr4a1JNxMtZLN1nocmH,0.,1,383620
16N4aefffprZPZmQB4HZizfZ3UBLfkdSsy,0.,1,383617
1iVDc71G3KnsnYPQN4B333CyGAEK1JaKq,0.,1,383617
1GS1NBNXDfcaUgzKRGyPM2Eqg7fs7yfpji,0.,1,383616
1LBWpRBxkpBTS8tdRovstbF1JD4QqrDDoL,0.,1,383613
18STg5LahbkaXuzsauep9VauyCK55jtntT,0.,1,383611
1EY1sk41bQ3gDzFCPDA3DYcN2C4CbSinrQ,0.,1,383611
12eFrkGy2Dkb1i2oPN5N8AwnDSS9WoZquk,0.,1,383610
168t7ag4Fjj66HLSRLv3N1kvJtgy2AZVk9,0.,1,383606
1MAeYwqPR8f9DSj5sF6hX4M2KFW2tFqSmZ,0.,1,383606
1CZhz9wsyusWXkoSZd74L8hmWbE8WWNy11,0.,1,383604
1FB7GYTBXC4xt8nmNdCvoc31EbzsdJ37SG,0.,1,383604
1KXZr2WP3F9zNWb3ujsYoCSuUCxkm8FPdv,0.,1,383604
1PvCA1Yc24xp7496cDWZqurKP4wxkbKXQE,0.,1,383604
16GuyoufTGAfdx1P5YgJsvrU4wdiBoS9s5,0.,1,383603
1AvsEnbA8aszU2gq47A1G9qTV4bzzefMyK,0.,1,383603
1CUMzDnjDPV9Hq6LxfnoT9gBX2GqsGhGTJ,0.,1,383603
1NffubeZ49UWicdzrYNABTXsRrsXqEut9E,0.,1,383601
1TiT4oEmM2EEJProuqgACobekgabDJTkG,0.,1,383601
17SfAmpVoosSDYXZ5UfZYxFXk1sdLrtr7r,0.,1,383600
1J7UbDs6nWoxp5zGRzwy9KQDP1o4VWd2Rd,0.,1,383600
1LEkrZtPP5FMbmvjqDKkJpvcXSNtLRJhRE,0.,1,383600
1AGk8DtagKemXcJDhvHvs3HwRkf84kn8xj,0.,1,383597
13uZEoWSYqvVkK4J8sByu7HcRtbwTmJL6j,0.,1,383595
16hPVjd673fLMhsaD6ho8vEFKiuDgNSCe5,0.,1,383594
12g9hvJGX4QCznyNEcsVcTG6FRxT4S7WQG,0.,1,383592
193f4MmHzW7wSBfgGufUThS6xLLHGcDz5S,0.,1,383592
1PsHTh3sNiFggwGtJ6KWQesiXx7CYo1PfT,0.,1,383592
1GQ8sAqUeYrB39vLgPesBq785uTPsuu7Xz,0.,1,383591
14eH4ydBhC1e4zuLREikQNQyqDgm4Dc82X,0.,1,383590
1M7TvMKhu7dYFhZpM8vBfnx9PiopS6i61f,0.,1,383590
1Q6nr8FtN5JL7BjbgV6d7LoDhPEH33QAdG,0.,1,383590
1EVpDdLRcmqyLYLzCiTVoPM9q43cx9jTeR,0.,1,383586
1MWeV4ZQ9osfgAbHWqKGzDYUY9S9exe3Yf,0.,1,383585
1PhbND2eD3ZFVpQWoeewJjZyWuT9icKe5C,0.,1,383585
19mK94d2xMw9FToiXK8dxZbksB3X9y37vq,0.,1,383584
19qWyCGDN6SgrcUNGRt7jZAgjh8uyhdrYc,0.,1,383584
1DeebVpiJkmGv8b9jX711vt5jZCubXoTsb,0.,1,383584
1136vhhhRbPxEqNKtFhAwhNCChQoK8dbKm,0.,1,383581
1FTEXMAZsRKRMqva9iSzkT7HoNg2jW6zSq,0.,1,383581
1JyfxxwT4jidEmdx3jcPXB7La7JiwvmdN5,0.,1,383581
1LBqecRnYZqPhgQgDJ8jqZXwFquyNu3aZL,0.,1,383581
14HddDe2PLiwiBHtPHAVDZxJAwwzUq2dBK,0.,1,383580
1GtXwZaZDNjxZrNFomh8FrhtBYjEtDXeWp,0.,1,383580
18XEzX38KKzWo2doWzt1KzmQJ7F3mnGArS,0.,1,383579
19VddgN48BbJihKNfUJ31xX5vgUbKU3jDb,0.,1,383579
14iiGREaAS1Ea4Jz76i3UWDJAKsvQu6ZFy,0.,1,383578
17k52FdvoqnhjvzBRp1ejnqBEUt1wifx3t,0.,1,383578
16P2wTzWWVZ8LVrMQ1PeACaR6nrhY6vVid,0.,1,383576
