1MCV5s4DUENXjn2hMpXmNG3AxQXRQQwFNP,0.,1,399904
17N57s83yhz8QRyETYBhtXPWHDAyYsYFdE,0.,1,399892
1LNj2zhCE5p2uT59QdaM94DeyUVcYKHZLF,0.,1,399892
1DzRG8YsirCD8TSBJ3ML4G6Fsi8FDnhAYY,0.,1,399891
1F7fw9fMuvzCKx1TnaB8y7g5orvcQcob34,0.,1,399891
14Vj6Q86FWhHjDJCyytWhSKwxGy5n2cCxV,0.,1,399890
186GfS7K6u3A2T2D2uDV94rqYwhHjLXNJw,0.,1,399890
1GYQDoyyYRsmuSimcn9ABdVYLnsvt5vmyD,0.,1,399890
1HxRDzkeS36XJjG216GjRHFZCR8jw4wbzQ,0.,1,399890
1BA1VLmwRzdBUjpkLQ2pEPZdgHMqRU7w3n,0.,1,399856
1Btr3m8VERmEr1zsz8GbqN1sqYhPMQ6MEm,0.,1,399856
1LXhT1Fpnrh22sMy22J8jQWLhEpLzs7cLG,0.,1,399856
1L73uQjur2xpW3zGWFkEW1sSdaKGeuPCF2,0.,1,399838
14NBCksEsGghrWhGhprgPogk8ScWw5X8v6,0.,1,399825
1EW49411ZuymypbKuNg4247PzrHAP23KRp,0.,1,399823
1G1uJW3Ju3vnhKSgpz7ssiSUM2nWPbvY6D,0.,1,399817
13BFwiLjJxagJBEpKC8aBU4Gjup7p5N2SK,0.,1,399812
14PinAEAoWMMKpwDE8yAh1hGqedrCF9Ywv,0.,1,399812
1NjkdvnCjNu8eyrG8VdxtAXt95esAKzaat,0.,1,399807
1CJDUadVB1ycrYQ8ktJEnYAmvXh5FQLBoq,0.,1,399802
1FwiE1QdFnHbRYRZS2MbpxH7QzFrePhkeg,0.,1,399802
1KQRLk7rwoBjFq2xpibMs1PC52PHdjqLLP,0.,1,399791
14iLqRakEpa1NSmg7EEyZiAcvqoLJSF1d2,0.,1,399781
1GdQoGXKo3aqBq9GEEtNcgUDm3z7MKsDr4,0.,1,399777
1NBpKgNQkiayJdgsL9rAxV1pXwSVGX9qz,0.,1,399744
19LmypZST7LvmufJa6SxnU32avFMjXuE91,0.,1,399740
1EC2zjqJmjy5SccXBn7m2eQ6dHaGsLtURr,0.,1,399732
1Krx1cC88xxKVikKiwJvHfQBj7rZFqKWoM,0.,1,399724
1BEuDqTbfyX8hESkgnCaDxCd8zK8xfY174,0.,1,399721
12DzVKhvLsXCtqBcyEcqTzsL1B5APJoqkP,0.,1,399718
1HuCrDcW1dTMWZ365hA4HAHziue8qMFvDy,0.,1,399693
1C5msJGPcHT5mFTVm5TCPHauWnmr2iFszD,0.,1,399679
1PzTKMgUP3VcU8UdzG6Y8XS31NCJuUCdCG,0.,1,399679
1NNmoGh4xojHcyqoa7k4Fm7K6uM1HGVgqb,0.,1,399671
1Gok6Xrn4fyGGAJBQrdEuNUHesJDkF239Z,0.,1,399668
15VKMzHop8DhubuYr6AFKLVyQyfdtLvrWw,0.,1,399666
16sMtTPiwFGraRsaGSkDYVwX1Sj7ch2Gnj,0.,1,399662
13H5Z6sAqt9tF2HHrCB7c6ViTpNjziiUEy,0.,1,399651
1C34LsYsqyT2RYSSpQ8Y21dXi3KyTkv1CD,0.,1,399639
19Rms4WcSitgpV5XjCMKmM67f7Bzv2idax,0.,1,399637
15zp1buU3z7WqbsQffgX3CKjgyJ2eDQe8f,0.,1,399610
1AsvgvrVjoSSNz2inGujrVdwqSHMevCobD,0.,1,399610
1Ncw319yfyDYDFXVTwy6FrE43pgqrCWf7n,0.,1,399610
15cWVHDN9katX1L3PByCEVrw2jALdoK13T,0.,1,399604
16rv2DPttXavxY6KNotZyxHEPi6ByVTAyP,0.,1,399603
1MWr5Exike6oGNitdKiL147vPhSns4e4kY,0.,1,399603
1BWfMMKPThcwp2bwJadqiDD8QLLJL2HYYg,0.,1,399594
1BU65xWdhGLC9srwYzgMb5gqgPvFCzQwPM,0.,1,399583
19h8d55mCvFGKzAmHma42GuPUCipFJtFB5,0.,1,399577
1AGPHtthMj24e3SoF6Q274YGHmj7ydJ6Uz,0.,1,399577
1Km2WCCV28vRzGQS6NAQC1fQydy7iMkPjR,0.,1,399574
1BHcE53cYYx3YshWWu5Aw5vvxTxBJJ6udH,0.,1,399573
166FdVUV9YCt3dyjvHSEvmTkrECYYn2Mwg,0.,1,399565
1HRTz7WaxBhjFDtCRP8KANfnv6kUzUAn6g,0.,1,399565
1LF2EPSuzJJxB3yqfC7WrUU3UJtiuWj3Fh,0.,1,399564
12PuKiZwTuZcrGqTqSLgdYY6rCJJhyZo5X,0.,1,399555
19Q7jTnKoLU7HmdaAasZJ33mqYya2shBPz,0.,1,399554
1KvTBTBu2b8uwBcNBZYVse8iKqYm58TV7S,0.,1,399554
1JQi4ujoEi14SSd8QHYDcXvTsqLm4BBHLz,0.,1,399551
14kTJUFNHEF6tddsqYz3M7X5iXNoy1RvF9,0.,1,399543
1CypihLSoDS84byxEdZb4KkszMW7enusTS,0.,1,399540
1L7yaonJBnhrTkxUK8GsSqSkXCVb3N6n2X,0.,1,399539
1MBbsxkfser27Fqp64AZ3PL1QFFqD6aYhw,0.,1,399539
1HVfx9MNy92ewp1fffAvKvYdUePgWEvtyL,0.,1,399535
12n1scLfbQ1aWjubi51QHFaJXKaZf6uWR1,0.,1,399532
146J7BQwWQgzp6oPcTNTfukB66z1zxyp11,0.,1,399529
1FkXSD7D5XGVVv7KmTGqCBTcYuj4SAU75j,0.,1,399519
1Ltu2f6Tz292GP9RTRCfEhsfbMVh1Uj2EU,0.,1,399517
14v59bHNqt6aFZNhCnfeKVGW8H6FsbqBat,0.,1,399516
1PnbmAW4LGnDXNN4v38G3BpcrEbCma29nb,0.,1,399512
1GX1poqiCKgxhVLxcXjYkAFtpCo9FNvBho,0.,1,399509
1KB4VqTS2dtysL35nyUhTkh48ax6cpJvtn,0.,1,399498
135tj6ZTqJUu7DdPYMZYe8bE2LmpuDfM5u,0.,1,399497
1C7BvJQKKddff6m6Kg7AgLg7oASME3J4fs,0.,1,399492
14rXH2Q2isEATrenXShsWR3qX8skS9mXEm,0.,1,399468
1AvD7nHsXfjyxpfrKhf4c82UTtmhSr29BS,0.,1,399468
1KbJzuNvdNF8az4xGX1asZRkBoaZUbsJpF,0.,1,399466
13p3M4mDvWfPAbgz56Z6TFXkPN6VdsZyf9,0.,1,399463
1C5cVm7ijF8ScZa2Cq46WrmY5ARrMZ9ZLR,0.,1,399462
1Er1sGgSs1LwwomfTQYxNHu59cicjtNfv8,0.,1,399447
1KUzsvmPYEERi1VhP74k2eTxg4Kpki9nR7,0.,1,399447
1DQ9enthBAk51DLNXLXB9p698fSgBoCvMP,0.,1,399419
14LqwZVzJTs8pLitdUtg8WBx9KPXPJ8yuj,0.,1,399418
1KJD7m25LJYPj3nynhjXBdKrP5maxoxCKi,0.,1,399416
17s2nBpo8sRWrruxC49gSKrUGrtXYU5nbc,0.,1,399407
1GGJvEBpZe4LTMtpr16sE9H7FJrXhrbohB,0.,1,399399
1LsBxJF9eKJWjhpenNoGbQEJeerEYxuDm4,0.,1,399399
1KjJFKYAi2xTL4PKBXnuTgwUqU6SSELRdm,0.,1,399384
1AfaZiTQmHZJpAdNLZZy5yDtkSgn8CmykA,0.,1,399381
1Ki5FFkxkHoSCcRBumx2NR1KjVyb1W7ZfJ,0.,1,399369
1ZhS8UAEVFR2dULku2kTJsvic2zueXeFZ,0.,1,399369
15ucHYxCk1g757gN8fjCfQoKjxAJY51bCZ,0.,1,399351
1NJg4umEpq9Gq29Kk59G71gLxbGrpVpsys,0.,1,399351
12Bo5dy924NsPDHSGsQK64NdN1ners8qiU,0.,1,399345
1Kd2Ca2wMthXdK8jAyZCYgfRr3x9fy9GgZ,0.,1,399333
1KrptVuWeQWxVLoB95PNwNhpShnUrQ9fT4,0.,1,399329
1DaZd8kJmDu51fySxV1GWU146YrKWdQ448,0.,1,399319
1EbUpQP7uzFHD3GsRwD5hHWJAsTmq3tbej,0.,1,399317
19o2CsR39tGxbov58KZryqT2PtgtaWNz7N,0.,1,399315
1KP9wdpgAi2CSx3wzJbsUkrFC8LRzraWW7,0.,1,399315
