1JUu99DQaga3mMaEYkQLYfagSwMiKQMcTv,0.,1,535847
1JeK9XB817bCodTAJJEZYZop9zL4znS7pV,0.,1,535847
1LroMZouFy4S4ct4vqPuYs96Bbw7pyk8HP,0.,1,535847
1LrzswNmYT4QwRVkhBXEJV6hyJ65PQqyBh,0.,1,535847
1NYhoHybqibULrzyvPZeo4uJ8KUDEm8UwJ,0.,1,535847
1Q7VVxag6PXWGrjHvSKzRPgPs2Q5aGz2on,0.,1,535847
1TDwpDLNspxCay9C4kRAqhSVU86X8khzo,0.,1,535847
1YmLf8LbsuczLpMzji6g75Pi2rvLRvhGq,0.,1,535847
1rACbRz14t83LBvCmTFmoo4Eo8uRyEoSy,0.,1,535847
13a15LhryJzp2aQoLHjfcwGn1yCG9tTxk4,0.,1,535846
1CPoTZu5qbdWw3WdqG7dTPuNwhBk2zUpRa,0.,1,535846
1LFWSCHW9a3Fpemt28yDCCNg9W5nXE2cgo,0.,1,535846
1LJXUQsXUDdJ7VYmkz8Q2DDBn6nby2iDdZ,0.,1,535846
1BArTCdhNUVTd1gtVZjkx7Vaw7fDMfQCum,0.,1,535833
1JwSHzfk7jMFzZuYHNdvjHWauxdX9oxvCY,0.,1,535821
1EHSMxKvzdYKGio23aUbUe9L6EzAyiZm5T,0.,1,535816
1H3AKiPeNwCY3dRLZaXhQ2iB8eNCpP6QqS,0.,1,535816
1KpLQG8TfrsyVnML9xSgph3vXD5aksEwdx,0.,1,535816
1LXt5RMa9coCA6WWT17PPjQ2atPErZAH8v,0.,1,535816
1NAk6X5EWSEyxX7JPCfNJ7ftwFmxA3NehE,0.,1,535816
1269cLPds76ZGFrWFicFxf5mvnegP4Ukpa,0.,1,535690
1JroPXPDVbuQpsq8Gby49zS9TSKLaXHYYE,0.,1,535690
114t3Uuk73y7z7gqokDDtpt4bqEdat8GKr,0.,1,535689
12QAAdugEtjjdpCXqLj6AfLQxUez88BQbT,0.,1,535689
12QgvKbfRFiebb7Fk7cTQYbZ3pFFPrrhuS,0.,1,535689
12jkPubpbsPRfgZgm9URsGNSe1KibPpYBN,0.,1,535689
1311bvHBpqtkXwuwWQGXyNfsQvKKj5wYtn,0.,1,535689
13QU71KNYXBqshGZQvfbzPJwZSTX4eWnJe,0.,1,535689
15rc1NjZoc6pLJUh1iTo7YdAZRuj9dEABD,0.,1,535689
163ZorLiYsXcackBDgkce1yByscoSCPyqP,0.,1,535689
16AQjLwQpit13iiba6sQHtyJjvVS7EJrkY,0.,1,535689
16EosVc45pGEPLwkhyWAjptk4DDHnSBZGe,0.,1,535689
179p4Gm2npsdshJYFbJYVL1vg9YRGVzbSw,0.,1,535689
17arLwNgwcc6mbUCfYndcxPYxEwYpGrcY6,0.,1,535689
17m4Nc7GFTEEg5iav5wc66Wz4gSqdS7psN,0.,1,535689
18PCvMviJzkhox6auYjiDBMGGBm7Lzd7AQ,0.,1,535689
19CUWpFpg2PBpisVdS4XUL1rwy8i16ZynV,0.,1,535689
1AY67nk3Z5uf8iMCugLx3tzq4SuAUD1MrR,0.,1,535689
1Cm9PqtDV9EVEwskK4Lzh8NqnVEU595QQr,0.,1,535689
1DWApeHq9pFQFJYRj4r1w8QAJrZcDykibo,0.,1,535689
1DWWf1yAa1smN3mFRB7xtRfCc6DFy9tPLC,0.,1,535689
1DZdXMo9dfYWpXQ3Rtr4a6UP4H6dizPAbT,0.,1,535689
1FHoK67MUhjTsh4rahYCQ4wPBJrgrq6m72,0.,1,535689
1FjJVoLWrQk8gMcLgyKFS11fTdXqS7xdDP,0.,1,535689
1GQTZbzJM31KaAUVqtq6q4qxiWhHDhNTDh,0.,1,535689
1HAyqCyX9biUHNom8QS3fpiCSEM5GazDrn,0.,1,535689
1KCFVrNQdMYBvETa6zpC4yfautmR5oKe6U,0.,1,535689
1L7VUrjf4NNwaZvBWtaACDcueRPc6Qg5Xv,0.,1,535689
1LKVyyuny3YdoCe5ysWd7DZwK7wYUaz5nH,0.,1,535689
1M5p4WD8bZkGCNp6PLeFsye8jX9Wm3uRjs,0.,1,535689
1MYxFUXNSCwJCviSfQfeDFUzP9CGAVWbT2,0.,1,535689
1Mf8X2WMJoeqDGkMNZcJ93PmNbtn3RJmKQ,0.,1,535689
1NYGoJG9HR795wxX85phiJogE8eJ8qePMG,0.,1,535689
1Nb13KLtms2h1oEMR39QKhrN5oVT4Fq5eA,0.,1,535689
1PV28Qyhs2yBgB2ENJiJiao4YKU8xQrvRP,0.,1,535689
1pEPQ2PvvPf1rURJYLqA15NR93fP1UTkx,0.,1,535686
13JYtnaESSxwiXceYVVDCnNvmn1svkMFaF,0.,1,535650
16VA96vb1hjheGXTQsz8epRHdHYAWCsNLj,0.,1,535650
17991c73wqkW7Lqf229szXm8tSsyZReegA,0.,1,535650
1Q8sLAVA4RBaCm56jxgtGHVd6GPTYN99ND,0.,1,535650
1PSjxqwHJmtyDyFJdJchisgAPBPG5odgF3,0.,1,535649
12nC2rmuTQZh8m7uhrrRYs1Xbs8gogEouN,0.,1,535624
13RGhVkWRwTWpdHRVM7TqomR5m8fCoXysR,0.,1,535624
1652394QKG6BfMpdLmxopX1iZVXnd411PE,0.,1,535624
17LLYc1NfWRHQgHacu23MJ3bfE4qB2cbya,0.,1,535624
17eePkNVZsEAYzZAuvxzpPYT8gQRznpurB,0.,1,535624
1DTFr9NAVeudTyNKn4dHpVx8UNLVPajwbE,0.,1,535624
1FrA7TvqLk7AEX3qHEuMVjQFJjJFwpCXuz,0.,1,535624
1GK39dUoNbHY5QkoFcQuHeAvCYcXoSdPFh,0.,1,535624
1L65ZTaLSHQrzEFat9LyTx6SEyd4T9fkWN,0.,1,535624
1QEdFqJVzmHN1McbBMYgdSfUcKHNMohTG6,0.,1,535624
1UCV9nH6hsWhDcB9x3BngPfxBu5YhkqKE,0.,1,535624
11XrmqLD6DQE2n32WptTGeTzcWjM8cTUb,0.,1,535622
131X61mdn17qfnECsLpjFBujmy7nQqUzND,0.,1,535622
138edgDSoQeRMFnfEshGN7zBhSBB4grDP5,0.,1,535622
14sivD3gddAoVhSNHX9xaWjYXFhSSMRU9n,0.,1,535622
16MWohhdZfctX47S9taEFrYkoKPwQAV5m5,0.,1,535622
19jtYmJNxzy5QKqGPDzdqoBVZLoAe3cA4m,0.,1,535622
1AmTan7k62RUZcBK21NbZQ8CoYkuLNmWq,0.,1,535622
1EM7EH6wPeTXSN13qmDG71LqS7jnXQgziv,0.,1,535622
1FPdLCdGSCtkBCuCEdBBNtJcV7FvrgPLUS,0.,1,535622
1MZZjSEVBDpu2agVYHhG66iNSgmULidDdN,0.,1,535622
1NEVsZtaGYCFnJqRLhsWRn7mwCLfd6UTK7,0.,1,535622
1Q1JLWAn9Y3uGQCq1KFD2K3fjMoVgV3H3F,0.,1,535622
1dqDkRB2vN31oxvCK4sJ3TEt5c8vH8o4n,0.,1,535622
19M6cZMaDo5LnhDVWqSsj5vzDnUUzCWK8S,0.,1,535620
1KiP8ueuKqK7UGeYLR8SSj3vRAVsuvvm2c,0.,1,535620
1NbE4ziCCRY1qyBwt2b3nrKvn3SVReUXDz,0.,1,535620
15FpCZAqJtAYvyJcMBEfzpGNxKWCYPfoSd,0.,1,535618
15T3ZNHivDHouMCTSKi8TPnjMCCss6dsNz,0.,1,535618
18718Ppax5Mh7Go14NH26hZSK9iKdXR3To,0.,1,535618
1ASgwwS9qu63WCrdxjNLYPasAixRwFpk6x,0.,1,535618
1KtdXnTsUD3CWG16Vpg9PwM17wHc1sZgHa,0.,1,535618
1LncapeKBfRA3pM9gEDiJuUkD2tvwCL49N,0.,1,535618
1LoSeFtS4ZhNnNmxkb5ek6e9onTGTG4ikZ,0.,1,535618
1M64Mnz2EGyZcm6aZK96fMQqzYKy3oNjjy,0.,1,535618
1ZtzEDoNgb1QUgdfgKFDaKixk11GaqBDm,0.,1,535618
16fKnMGzrcBwbXK3nypjgaVaZoYMXUAhPZ,0.,1,535616
1CRWTCRVMRQaowt2KZa6dwj9YLGCLQ5AAJ,0.,1,535616
1G9CDsTx2mUcB4NcPKW5uqp5tPF8Gc6Q9,0.,1,535616
