3FbWFXyZgSRCd4532W2BWRanp237PWtofX,0.,1,460188
3HeChGBGG56vSgAb3T2mYjKrdbRkiZ4VrR,0.,1,460187
3DXcB1F8v8QaKaeKJjb6W45FShYL9i2f1Z,0.,1,460186
35BYtNyLkBdpo6CY8LBkU6Aow6Zp8QxUoe,0.,1,460185
3CdVrnesudkkcZ6kuofPoc28KbKijfFihV,0.,1,460185
3J6H7eFMHAQB2346TQNoXz4hyJiMKGVyGS,0.,1,460185
3D7VRxhbpW5LnzVzfoQkytjU211QYvWawg,0.,1,460184
3PJPEibiTMC5r5HYLU1du7Qo91xiSz35wM,0.,1,460184
3Ppu28Ekicz2bo7ia5xKc2f6qrVbFedVYg,0.,1,460184
38rfBMwUD6pwuoJhRVqqzdp1Ms2LftZjkR,0.,1,460180
3HbBD4aZrDFU3YTTRG6ioHy9RBHMzqJt9n,0.,1,460180
3PXS6rG4dAZvCNXKGV949SKwhSP1hQhMZF,0.,1,460180
36av1YNJd6QnxZwTv1UeF52rLgrKmyiFyx,0.,1,460179
355zYa6jTwnbNPFR3ZAvsCqYHoHVZQmCwu,0.,1,460177
37FQMVwv6UJ48TSezT5AnnGBY9bRAGgqDz,0.,1,460177
39AQF7FnSEzrfWYkyKK5yYmx5qeE3tjQPS,0.,1,460177
3BoZ12BPhoehddkjRd92G9v3PCSGRnxJ7U,0.,1,460177
3Cv5YTqj1tjEzmvKpDgnVtVAzFmUH5Mmxa,0.,1,460177
3D81LwEa6QVmyW9EfHCuktrW9FSLKd2F1K,0.,1,460177
3Dii9LAyAboeh8b1JaML4ykJ1LM8u4mDuX,0.,1,460177
3F6n7kBpEqzYRtan133GPJLStDEp2eSMuG,0.,1,460177
3GeQsUcFnkwctLX8yDk7ATeHm39HGA57F1,0.,1,460177
3JbEwiB9jQoh4EfyNvowRTtJ3p7ZXbLUSZ,0.,1,460177
3KTDqZzVezkZ9vpqX1m2cMRUfCFFYwgwB6,0.,1,460177
3NB1wCEVUifuXgGQEgkQvw3Wr3EUtrRaJZ,0.,1,460177
3QBfUuWx2oPhBQ5D1BBHnFHg6SEmzghYpC,0.,1,460177
3QJkg319DqmYgc3oKspz5cD1s7DGg7bB44,0.,1,460177
3QazP8VnGUv4DD68pTAWdd3YeEbNcE5MDw,0.,1,460177
32vc2ApZ2z3CaM8dQgLhHaPVi6NcVPByz4,0.,1,460174
3GWRhXgwc7LbMiX3bKnKXQP8uGi4fXnnJK,0.,1,460174
3QrERB7Hs5xcbXFeruRw7sthrzGLrFV1fU,0.,1,460174
32stnkuK6eoWBcUe51PhqqtPqSGEivFkvS,0.,1,460172
397ycE61bHbLL69ytiGg44oAppxvWjkZun,0.,1,460172
3F9P2CHFA3D95d43U5ExKZPZMX9gzTVkTx,0.,1,460172
3K9Hhy8oYpv42dXyeWfMP8mhJdtpwhS66m,0.,1,460172
3NGXdvHepEYB2aJ5N3T95WoWeh92EymrfM,0.,1,460172
3NtsvT5hSPxs43dqo75JwCWyvXtjKWLETd,0.,1,460172
3P2ArsNCMbRhGp2PVN4wVvquTERRiWzpLg,0.,1,460172
3C7wGBpgwyW3ZJFLT1GN9hPNFWrbPQ9PXq,0.,1,460170
3CiGZJQSPwnzLX8jztgBwmirnVK6dToR8p,0.,1,460170
3H22izRenuF4ZrSfCRVpoiCziUJr75gWyS,0.,1,460169
3ARPJvCciNx68bMqzwwRgJx6udypnACNEM,0.,1,460168
3LmBsCbXxams9FL6hoauAxazmLF8JnzWxo,0.,1,460168
3PHjxPfJiJW1yBccTkwNXDNScnwr8VtDSU,0.,1,460168
32c6DBgn1yDDiiUExq2yz5TyzhXHYw7znX,0.,1,460167
39XosRnfp9pE4uFcJndY3YBzW8bHMxYvGL,0.,1,460167
3HXp8mASveZf4Hz65XK4LaNrrzNLhY5HAn,0.,1,460167
3JfihKzjqBRTnZcqHUXyoa3hkQCi7rR2LR,0.,1,460167
3M1qKvyxYJ8nDMv6dw2rgNh7439X6zc9GW,0.,1,460167
3BFngKCSCqcnLAdZ3CNN1srpB997NyWkGT,0.,1,460165
3KTMMhUtHbwdkZrNsDwwSfMuFgXXGkdcoR,0.,1,460165
32Mrgsepc2fDDLWZteH2Hc9tyX4giTt3BL,0.,1,460163
38QoNPCkr7sa8NJ4bVhBwcQfuPzkmYB5L5,0.,1,460163
3CwANMpYJnQtJKJ547arkVDSE2jBj8csd9,0.,1,460161
31qQQ9rNLwY2383PkkjKsJJvrd6AqQ1LLa,0.,1,460158
34cHh14UMy7k3TA7rLGiCnGzfWRwm9oDVz,0.,1,460158
3CbFCxH9K8s37sTVm3tN5Yp3jub9bL3wxz,0.,1,460158
3CfaBYtVmoH5fKmZbqBmCKX86zD5QjtwBQ,0.,1,460158
3E9zjaYDg1kr8rnEELAv7pKAhdVWXBwCLt,0.,1,460158
3JuHpLSrAWC5dZ3JDtcm3wLSdaHqLBfXni,0.,1,460158
3KGu4e3BMU2JVwHc8Z8WeZHUkREpZ1JsKa,0.,1,460158
3P3xPCczziBgPnnmGvX1TzGDiD36W6DJdt,0.,1,460158
3PX17Lny5qrowoZse78yFySsgCWL3ZQNxN,0.,1,460158
36iNK4YPHzYuDs84AQfKM8uo5dWvo66s4w,0.,1,460155
36XiASKzKXcrVsQD9sWhxCTrKbnZidqkig,0.,1,460150
39NXm6km5F5RovUDQtbQbQ2H9Kp1ekTf4N,0.,1,460150
3DqNAGp2vAoPHP9zusgyyNApg8znutxzmZ,0.,1,460150
3Kqf3JBAZrwwNHjsVnUee1SdiPt7JqDPpT,0.,1,460148
3CsqEp8d7jjUd7Jn7PRnNtZx6SCSjJiP6g,0.,1,460147
3DiQiHsoFVojneQYbo19rqBQE8XKtYAWUr,0.,1,460146
31wRGfx8WCbBozVjLDtVgKtzmLuDJ4XAdC,0.,1,460143
371bKyUWfoEeRprJbUyQbfKLJZsU52YjCZ,0.,1,460143
35THBnbsp7VkPr7N5C2FwakfTqSQHAzhp5,0.,1,460142
39ZS87uhQTGNn6N4hQQY31ruawpgAxHrZU,0.,1,460142
3AajwHbFJDTN1XTQL3vHpyvNmaNchp8kGc,0.,1,460142
3D4QceKDomNPWfZZjM4dznVkdeHKiXkBpn,0.,1,460142
3K1AYVDaJZF8pHK42G58JGv3jDUL6w9Lda,0.,1,460142
3Nuhz2Ash662WZvTSetAA1tegfshcUpFCu,0.,1,460142
3Am4dYDR24q4q5XM1AbBcd6vemjrBwnXxT,0.,1,460139
3DFVtfbtR7yyhgB8kKtQiU9RX2szzZFHMA,0.,1,460139
3G2V4Pgc7TuW1cy72GpSZ7mFbiSweUcL4b,0.,1,460139
3GXXTUajZxeUom76QtYofv64iH7yiNxggq,0.,1,460139
3MoSkP2SxdiWmVb8M1YHyZzB9XhkSyPneZ,0.,1,460139
3PUeGtb7nYreGjLuF9FiE6XcEPqV6bf4Ck,0.,1,460139
3Qk3z3KZGoghuJJXesioZf8dEMRezdS5nC,0.,1,460139
32eaK5R4LTv8k7yZQioqJE3icqiJ7G7D6t,0.,1,460137
35eQXTW3kPhVB1pDLJageAz7evmydgB81D,0.,1,460137
368mRAXcjh88221VApc2Q8pgSTPNoFeWDu,0.,1,460137
3ASnhqWDT6CVUYHBDmpkcsURup9MBZUWxc,0.,1,460137
3PQM5ZYNzo3NhVVZFpXcvUBLHjfaJ7hsoP,0.,1,460137
3Qh88pKa1MAPsQkWzDHffg1USYfMgABSRC,0.,1,460137
32BoEu6ScxzhAqERgJ1fuXPKdiVuGbQvRW,0.,1,460134
32cZhyfAqQBHp8sN3HBe1hfsA89p4sT7tN,0.,1,460134
34advFjigsdQbY6GS99nykbDNeqtTimb45,0.,1,460134
35DJajtvNRaQbzY6LsyDvebiTiHGBhpZid,0.,1,460134
39Zz1pzccLzTmCTAx4iXDnNLpUL6C3b2Ry,0.,1,460134
3BC5r1dcvW2n9e5NSZs6aTYLfw4pAQj4H8,0.,1,460134
3J16UJbqH6HRBEh3EQJKgbmxGrdQzbzMri,0.,1,460134
3NwggdBZRGfR9i4W3HcfG1hdeezsh8hxnF,0.,1,460134
3QZsS5VahE8asvdfi1ZaPNU9RYcRxdPuZM,0.,1,460134
