18mXTv5ZWBNmUTiZGQgfYaDnmAAKhiph85,0.,1,410173
19DhjEMRkaA3JG2xUfg7BBcyxTuhrDbKbv,0.,1,410173
1B3Mc72GHjDqViwmrQhXPKZVwaShkk8A7v,0.,1,410173
1BejJPBCwFQSBvbroRRVpFmveZMrNtQfQi,0.,1,410173
1CpGdF5wdYJCPrhczY7z5zLh81ENeQRyGR,0.,1,410173
1DQGqd3pmQ1yfo5pfqxUTLYAHfipcZPqtf,0.,1,410173
1DXL5pRjum9UFy5hdz44RbAjgtjTLcXcL2,0.,1,410173
1GhxsMnG3eFUBrtBGz89ooFaT5rkimLqjD,0.,1,410173
1Hku5G5xiknAN32ckT2WnvXmqTzLWtAXLv,0.,1,410173
1Nsh74WQG72xKE2F4wrrEMrzQPJijEE6zz,0.,1,410173
1NvkgULeU7HAK2zT8DjKQuJQ86dS8VF3FT,0.,1,410173
1QCdpHTXdAHHrnf5qr65cZye1Z3HfEv42j,0.,1,410173
13rmZoVL7NgKVX6cXDjL98nqWsZY3BqJ3q,0.,1,410172
14yf5RDi6BevhveDGgkwzyX62tmKtiz9ro,0.,1,410172
167DLWqSY8vatUxuoc2F6jn6EnAYUB9jeh,0.,1,410172
16BGKB8UWzU3jzE4e4SDNsUvaWG2DAnBZC,0.,1,410172
16LqRuAymXZjffzAS4RNJKT4VDMyJyq6xJ,0.,1,410172
19Y7hkM123UDAdkveTXhc9UdLj3YHNrRV6,0.,1,410172
1B3XMtW2tt9xqNuemzC93m8gae5ALUnkZq,0.,1,410172
1CW97h8MTfqxAvShiGChjgPsP21iDTuZwT,0.,1,410172
1Cg2QjfkHWiNk6RZrEemkaWM3BwAKrFNMR,0.,1,410172
1Cwz1PHMUjqHobQyw9JvfeGMkmJpknTd3S,0.,1,410172
1ERgP5db7YdbhQ2zyZX9dhftEj7ZeALVEt,0.,1,410172
1EamjDezZk5KXg3iiYnNfkgJRCfdGzJwCZ,0.,1,410172
1Em3LZNvxqGB4xMZJHnCkgNGJedkDmZvGz,0.,1,410172
1HijBC3kz2govwaEiFwmo8R8i1KEkHxZEo,0.,1,410172
1KKH9grzvpcHsWQ8TqpEra2obpB5sRAmof,0.,1,410172
1PdB7dgAosKTTD3t6moQstzRghbSsn6Mxr,0.,1,410172
12YcxCGixu8D7opGCNSrsBgMaunuzUgPa3,0.,1,410170
12drGkBKHuVoQnucLAsmLF1oXpAmfeHSA4,0.,1,410170
14PXEcyB8b9Vcq6NeqwWTqKq7hw3ajcUUV,0.,1,410170
15x4QeRgty7BLmZyDRg4bMmoDVUSKVcpqF,0.,1,410170
18v3MGRPQgCtRPXJYv1US25wZ1u5te7mAe,0.,1,410170
19pyRF5f3umsqKuwV62iZjmUnNtBa89dRC,0.,1,410170
1ALffTB6NZAaXTwz236LadRTYVuoi5RWFo,0.,1,410170
1BQPQNWm6GPS7bByAEi6KzQmnxj6w8FHdV,0.,1,410170
1CqxQvb9AidQ5A5xWw76ym2wWB59RSFxCf,0.,1,410170
1Cy2UmwecXSGW1c6mXhdJKqD3W3pcu6uap,0.,1,410170
1CyrUNJ5tUUExaS1yCFfDGH5xUkX1J4mtV,0.,1,410170
1D6hjQD69A1gJ5wf3PtTxpmHmPrjsHbmLM,0.,1,410170
1DC3yRr8MvNcJL1FPZs8v6qK63LmcXA3ZB,0.,1,410170
1DyPugAopL7Uz9K2VCb7BSuFHkDmuQh6se,0.,1,410170
1E3tyvUD6h29hNVUnB8yatct53bWucBMib,0.,1,410170
1ECPCva9wmk12LVZdSmvCK4MEySVfxYEch,0.,1,410170
1EPAi2SAEnp8Yq5sZTPusKdG4yNMhjny2o,0.,1,410170
1F9pnVPWYbBSUU4pYygC26nUraZM45K9ND,0.,1,410170
1Ffts6AvGWpocQPUBqi1aicGmMFXBPJtV6,0.,1,410170
1GJnxxji7NpNGawyr5T76RoR9Uw7Hnefbn,0.,1,410170
1J5n8z54opxGPB5sLWtnj5sWzhdV66ZZFE,0.,1,410170
1JtowTrJ1EEBaNCcZ7Mw9auvAFYEP8xT74,0.,1,410170
1L5ePmYQNbJZd3SgPcmMz5jQA4zcyGAoij,0.,1,410170
1LYDaBHbDAtKURUQg19qmepnKaQNdNMeLr,0.,1,410170
1LdVP7AvLJmoN1CJNScJvy8oP31A8cJjju,0.,1,410170
1LvYiFmsxCT4HHK7f6YBFdpSf9W4D7aCEq,0.,1,410170
1PtfdRxa1i4AHnb6LM25ffauVUzJTtHDFU,0.,1,410170
1QVSfZgAKzMMz1xFBMj6KEE92nCuHANrf,0.,1,410170
13P4Gbk3B12rgwc1vEbhSQ7HpMTur3LHLW,0.,1,410169
13W9HyapLnWPKH1jRkR3mJMgoygRh7R745,0.,1,410169
144oBiMA9SB89GVF3sG1R2Bg9NtbpGxwUg,0.,1,410169
14KCLzDHfeUJMwwcZjZSBT5MeU7Z6SWdok,0.,1,410169
151DqDUKH6LVxnWCXtyzH67B75ufXThjeW,0.,1,410169
15kab9DzyMLPmeeLYAFYQQ8tpuzFg4eNTD,0.,1,410169
168frXCLNti8qHEhoekhW5hvQdmaetPiFC,0.,1,410169
16yQn9ZWmaK6EnvZDkUb9CnkmTFxwHsV3G,0.,1,410169
183iJYsvQT9q1UtD4fyy9KxnFAeJhYAKmJ,0.,1,410169
1B2qjN9Xq5ff8boDdvJEM856PKZnDYv8xD,0.,1,410169
1BAY7HhS8ZodErxMR5nVCrn6Xcd9rNxqLU,0.,1,410169
1BQvbFnk1pVcRXkGYtnDvnj1foVHo79uJ1,0.,1,410169
1CyDQNMa73Ke34HzeFu6RR2jo9AiyTiwV5,0.,1,410169
1Dd4YMi72o7tN7EAUH6qGUbkSJuuhDqzCB,0.,1,410169
1E1pEU1V3gs9j5G2PtE97uA3Nu85rkc8km,0.,1,410169
1E1z7ahpudUE95Kqy8ynWbdw3koHnNYpwp,0.,1,410169
1EUVJkvxj5svPGVN1Mgy8WhECwUdomzSdG,0.,1,410169
1FXNv4mejDkJRqaDqS5KUkSQXd3WXdRAcE,0.,1,410169
1JJG58tsvLL5CFknppeBXVFkJdWAxC3oq5,0.,1,410169
1JQWBNBSJhdg7ivasPdjWBS2AKVgRdY5rj,0.,1,410169
1K8Qgojhr5ymTMMp2ZGmhdMKLixkT3jE8x,0.,1,410169
1KoXy2AvjYYoUeKbGAPkskYwfu4tWzTCVQ,0.,1,410169
1L1qE2UodHXR8VzrL38uxoW1U8Gaampvco,0.,1,410169
1LTbTCJnff8kh6XkVuAbcrJu3d67eRsGAE,0.,1,410169
1NuxFpPA6BawtHDTrz2BPymnHkubL4ERyB,0.,1,410169
1i3fHNAmnzZsmA4u6tcvaMAh35FAhGAz7,0.,1,410169
127ArDfoKsmastsk9jg9ByekUAU6xUxG8L,0.,1,410168
12fkdpGQBsGQvfVT8hXexY7rJ3oaa6uveo,0.,1,410168
12gjApde4ak6MxBicVUAozVkTo5EwB5vXX,0.,1,410168
1CV4yQRqumanbmTzsrffP5xF6ggF2CKGGv,0.,1,410168
1Cd4i1BEUy2CyGoCobxDiHofLCMGLSyQi8,0.,1,410168
1DRG2BeY6CZ8JRWsFNtAPw6t6qpGLYAJe1,0.,1,410168
1EHMDCgJjKfX9Py3EweEP6y7G1W5Xnyz5f,0.,1,410168
1EaXG4hRkLqxTK8mobYHsaD83NgEPVChDw,0.,1,410168
1GBWWpmxXk7Pmp4ff1uGnfHBhKALZsvdFP,0.,1,410168
1GNfMGNRoZHfKnYisKsq1xUhD5ugGWjPC1,0.,1,410168
1Jn9gp9yd1Xo4uUUjmr3QFvmNjQmUnVHZM,0.,1,410168
1MWxGcuLBazxZJpz7VZLzdo71p7hvk126q,0.,1,410168
1NF9YGEJ2anSLxSVh7GEp4xMcJD12M7PT4,0.,1,410168
1PJ4vf9hNGnDCwae1kYXMWh5bADRdGE5Hu,0.,1,410168
1Q3k73coqcLB6Hi6ae6jNeijEKpdHsg3fx,0.,1,410168
12X9n17xAG4cbcZ8KBEfiu9QDqhEg2A3Jf,0.,1,410167
12f82nDSuwm4WtCKUueDewjvh5BJ4oGt3T,0.,1,410167
12mNynsH94kPwM6Ec5pqjZyZ3eZhemtwYi,0.,1,410167
