1LQLsQ8RWzok6kNrKDcoYFJipKMXT9j7gi,0.,1,248768
1JwcD1u7sprC2M26HGxenHbfAcifD5nFJX,0.,1,248764
1Lo2YyVfAZ9MrVNSQZ719tSg5GpD5vjjga,0.,1,248764
1Q2Y7hfhrR6LmDydZn8xmC6scB1QnWWSFw,0.,1,248764
1C7V1RCbLSz6F751G4VBDmZfMmuTDCHkXR,0.,1,248758
14QEEoHeKoVXrWacNWj6rq2vJ4CGMrvrJg,0.,1,248748
18aXkgxuiRTuP3BAnboCKuPH2GxD14frUC,0.,1,248748
1M88ZvVnXMUu3Eu9w8qtUM8KBHwEfx8ikn,0.,1,248748
1Av7A3DAuR8izbsWvjZVEd7L8EyDbABMf5,0.,1,248740
1DBccGS6beppRQbLHhjghhabSruNbjYQ5H,0.,1,248740
1ERYGxvqzyynEV8DnmMEXKvozhNxg11fWb,0.,1,248740
1HHRxMjB6yFyywhSWAc4Jgh3SidChWarki,0.,1,248740
1PzU6sVUbeVDQH6nHHvS7mkycevR7hSB4J,0.,1,248740
1QD1qVbbVdDUDgRFj7J7RLfBaPAEFBEgme,0.,1,248733
1yNoTVTFwSYFAHZYsmTyU1LoPMpBTNxPU,0.,1,248733
1LaK4P8RsUaertzx7u3qEjGahUjwzXJqK8,0.,1,248722
1A8X8kysQxiAxEHeFWTGkkvLoqRfG8n479,0.,1,248709
1JZD9nqC8kRpTeYq7rPvrNEwykeKWSubVh,0.,1,248709
1KR1A1J2PEcWtqgR11UETi4S4WRFJjhrGQ,0.,1,248707
18PRMrXgp6z3Fhdqwk7JVqsKCQyruxJn2b,0.,1,248701
1E67AEXNBbshijp2kX78gf58gGwP5XDgrU,0.,1,248701
1FjvZPgyg127ATjEeb1W89sdkCrZJyghYF,0.,1,248698
1Bibf6LFC5YMNZi5xa6uHP7qXKYtDuRJEM,0.,1,248697
14kYkHTK972xQR6b7QbFaPY67QsyLau4d6,0.,1,248685
1G9rRmY4VbisyxZ9DoQ2AV2ncT6z4botY9,0.,1,248685
1PgVhdw3x6F5ZyFYr5zRSbzNxbxQYLWAum,0.,1,248685
1FSFmR32QmHPCF3XPf3hfgqdnCEBPteSum,0.,1,248676
1HEPienEPd29QesEASX5cLrnMVGk4Hya6R,0.,1,248676
1MxWui9VAR4gxkLvDbRFLuhDPm1D6dpKfb,0.,1,248676
124TPrVNTKCLgQJVdQKsQscXVnmyywa1Q9,0.,1,248666
1LHjhpUCkKuXCf6khNWsLKm3beLYyAgQFe,0.,1,248666
1Mbj8zMH1j35C66qh5bCXMRbMKQnj4y4xJ,0.,1,248666
13ehhnhxG2R7g4umvWo52BjRB6SuhN3rMj,0.,1,248664
18YN5F3KETRyxRa2ryLd7qTVjfVPPQxHff,0.,1,248658
1PDrJTq77dLUdjCP6oTr9J7e4LJkPnFb4t,0.,1,248658
1AoqkDcrPgNysSqfiZx18xKqFZjvR4WW22,0.,1,248643
1Pqv977FnhpBZWho5dfdoy2oPmXFNjgzTQ,0.,1,248643
14QVpJJhAj3kKqWZU4UMLwDRiHgk67u6Ms,0.,1,248630
19L2wc8pZ5efF9SBjaiTJRyRCHMQJEe4Se,0.,1,248630
1AmEpRZjQugETX1ZXiKxuAYYqU6Jkju1rp,0.,1,248630
1FU9WDdpNCLrHjv628ZETwLk3MQ69TBrTV,0.,1,248630
1KtEmd96HHCVNucfNDcdUjjVttF7caARwT,0.,1,248630
1N6J97RxacCaEAk6x43DSxyuyU4go1Mtzx,0.,1,248624
1Md1wje8TrBjDMB1LN6Ygq9Z7jHTkPpNmr,0.,1,248620
1PNPUN95irmKpoNgy9NE5wf2dbzhKVqhqv,0.,1,248620
12BSy5XFPsq2u8qJeg8NG5Q8KwRuonquEz,0.,1,248606
15DT5kSXsNqZAVgLc9QrSncWNVKamYwhZf,0.,1,248606
17CJrvaU7Q1KJbUvj1VuRXuSUAHLQsbGic,0.,1,248606
1EVKF2hmQwsbZsJ1t1zCNa2Jtjw5BFyFbf,0.,1,248606
1Gxccvo4MefhiRHA2GMV1CiSkzcAWQgHRF,0.,1,248606
1N16jGk2PrWPgxtNGbX43H7cLrmafpdnyz,0.,1,248606
1VkhbxJkSR5ewLWWMAUqdwzrJ9oTF76N9,0.,1,248606
1syJu8xMo3NZGrcLvbK1ergTG5uPkia1f,0.,1,248606
13W9f4ZtvRo88dkBHfNN16ZRNcDiYe8zr8,0.,1,248602
1BvQdcU51ywDVARYCzedQ24VtPayC6ipZB,0.,1,248601
1GQq3ZHYYprQVaw9NsezZUYFXMW7HXe8F1,0.,1,248601
1LNvWF7MweTxBgGsbjWwB7viHSiKcphPV2,0.,1,248601
1NFUxKGWmeLjXFLiRg7gqxRVnTmZ7YQJQZ,0.,1,248601
15PT2wL4DntSrSo1b5bF8Tk35ttacfutdU,0.,1,248589
1Gu5yYCqkyGTEzJuibxCtRD49hcHCMtBWd,0.,1,248589
1MeTbC8Z61Q9AXRfzr3CwbjhoiD9A4ARcd,0.,1,248589
1MgtJcNjD3RgHmbR8JMcmHRKzkdAxZmiQA,0.,1,248589
16Meq4AN5RdpnkpGb3ruE6EppHThQ4hK6h,0.,1,248582
16da9hkKQji6vWq6JbJDRmPFMkLzkRZWfa,0.,1,248582
1TK8PeX6Jjs2tQQ92XyCJhVwVodDwyEbg,0.,1,248582
1GqsUCfzSrdDAfTuYka3tcdbJm61RX7F6T,0.,1,248568
13C7SaXt1aDPY9tFFyTbM49okLABjZsBxB,0.,1,248567
17vdSsbbsHY68KkxfEQ3w7LFEHdSx4WgKN,0.,1,248567
1C5Ra7xikDn5Yh6t7vthBFo556ZpHoiCAA,0.,1,248567
1HryJLpicnW9TGtPcg8bEAaq74p44xB7yq,0.,1,248567
1LrtGY1W2GMCfEDVUpWtufu1Am1nsjyJce,0.,1,248566
1DRyhaqZJfwK71N8n6n2n9YmEY8eR9RA2Z,0.,1,248560
16UFVqvyKohWbFvwXCDA2bubGBTwnD8UG4,0.,1,248555
18K3NTLS77ddHqvxU7Ltk5uwx6rHL8fpex,0.,1,248555
1AiuUTYDdyzjMSRoixGXHqBsxVgxhRH7Hv,0.,1,248555
1H1CV7WXuxsYAA35wdsvoyiDG4Er6qELbw,0.,1,248555
1JYjEHR42f2yNoENzimNNy7GLu1ZFNJEqg,0.,1,248555
1LxCXSr1YFr8HuJhoW1uDkRSkQkG9AmhJ4,0.,1,248555
1PXyAQqUEvht9gLtaK9cPDqezi6n2DPAbV,0.,1,248555
1NmamkC2HBhJBycZuTYd6cG2GuvGYDUU8G,0.,1,248552
14Fx5sErkkLE1PupcBbcR9UZvmUhezH3Df,0.,1,248546
183DJtpsstXDtPfbPd94sHzvmuUXbU6YUM,0.,1,248546
1AP2Gz7EBoUN76N8bZaNTmySonqUX7yafn,0.,1,248546
1HPTiTmZwijR2m4ipygS69cqRrm5sjwDW2,0.,1,248546
1JhFbibPGonx6xpoLnDPQx5zGVWcZaVW5G,0.,1,248546
1Luh9nahfTyDnVqq9fwqz3vaXheesRv8qd,0.,1,248546
13jL2B1bhv2EHyXzEsdkKyLHr2dBMLUdmT,0.,1,248536
18fdCptQxMdHe7Hgh6Ck2GbRFUCx9fdbQx,0.,1,248536
1JkgxAwoGpeP9xHCRyggctJXkXmPYvjCJ9,0.,1,248535
17uGymFSDWBzo9qPPnY3Sirj7nBdL1Ya7i,0.,1,248528
18yXxMgKYYr211uonswhqAUmji2doGFKhX,0.,1,248528
1M2A9s5w86YtW5vYPVqwNazujapHxMEEuQ,0.,1,248528
1NBhwMzC94iBBjKZZcUrcDWWYPG9nY9urX,0.,1,248528
1831ECZnpTmy9chZa644MS2rc3seybKEqe,0.,1,248524
1P1GQWhRd3FN6qFm8t7AL5G7JTWjyUVZne,0.,1,248524
1CEnSEVf4VPGq4vVtyvRk2uYA6XnSTVpyS,0.,1,248523
15Rn6ZEBNiCniEQwCR1CS5wMm5Gkx6gYfn,0.,1,248517
1FaXaJkcArUHvT95Gs9kB6YakJXqRY5qRm,0.,1,248517
1GqTbrPRR2XjM1voGdHCe23toGe5zF4Yxo,0.,1,248517
19Hwkdh5rj2bC6oeBBFmM3jjnUq73E2Kxt,0.,1,248515
