1D8QgaSUU8JXwN554qZchuwEZjUaVRwchS,0.,2,272017
1KABvir9ehoe6Fm8n2nbFkK4xwLuni9Xkp,0.,2,272015
15Vzwjf8YJzeJXnjxmXH8CGDY8Pr6pQuc7,0.,2,272011
1Lb7BuBAggxmy9pGPb1NRrEirffF4mwcRC,0.,2,272008
14VgZYC5D1SGmRPaQwQA6LwHVtkkMucwJv,0.,2,272006
1EK1Qa3j2stLeKnMD6t4CTZZmnWg6FSD9j,0.,2,272006
1EzAJPwmH4SK9vyptz5KVLSqkuM3KVLMSL,0.,2,272004
1PEq7yR2cLUJdMY6TmELVqJr6Tna4YZ4ha,0.,2,271998
1DRnUrwZFs65wSj7MuvnEFkDdRkwV1vSj6,0.,2,271987
1FQCfScWcBupgVatUQcCkgZhZVtuzEPRCC,0.,2,271981
1EHzgAU3BJ2CE2nFqhyAGJ5HFC4XZBVWUn,0.,2,271978
1BaT4ZrKqHHD3gWQz2yVfZEiU5zLcmtDjM,0.,2,271962
161a38UJq3vk8w2Gm8bHGijagCkEWjSN7F,0.,2,271957
1CsfdrY6jUakKVWL3NeLtAWHFkVN4BLL2v,0.,2,271949
1PGjKkFv1R4UuZ2Yh2mf82gwCcs1Pitj5s,0.,2,271944
13a5XSH8v7V8XVzZekn7dsaf5uHBgsgRXb,0.,2,271934
1BLkjQPMnWcgoe7xk1PTvdvGbqeyCBA8ap,0.,2,271927
15ipbFAwtTdNLrNujHUJ8Y1q3F9RcZo5fE,0.,2,271914
1EE4utWqGd3YzHkLEMgrS5vizLQkTccazF,0.,2,271903
1KRin7m1TpH789RJQEERrn2aY1YJQREgtb,0.,2,271897
1HfuhAnqwb7t7uS95unZ9DydJXfFou5dyN,0.,2,271893
1CmiUKHW6gRpGZmmb4h8TesWenjWmVc6qi,0.,2,271892
1HmPaHucggAP5tktFv8QUJSbJ78MwMHfgX,0.,2,271892
1BDSQMiU7474XAGwPycGKZ6yaCFwcXvUcb,0.,2,271890
1BJvbNEDSoTKPhfy2RhysDVgMKRgEBMdc2,0.,2,271888
14RcSJqhNfKq8dyLQboYEwyV3Chkp1bZzK,0.,2,271885
1DAri7hSrSBHZnQUw9XbVyEycqDXr72fkJ,0.,2,271885
1GP18D2Rm45SuvtMyHfHWT58gVB6RcKn3M,0.,2,271884
1JCsN2dKEk7LR5D3GsTezczYqZTqWG99aW,0.,2,271884
14MVQEzKGn3Z7mogrgQ9beMGroY5mDhzvP,0.,2,271870
1CXLv7Wi7PudgF5P4FUnN3wKxm3Rwt1jL8,0.,2,271860
16h6wMDBc74NjJZ2B5ACWEUZQnQzRWFjqV,0.,2,271859
1AZUziCHuHR5KBNNBuEgAfzrr9Xoxz6mik,0.,2,271858
1MJYKhuN9YQes8cf6RwJA5izmWznTCxdsx,0.,2,271853
18TjbTqtyo5BieQtPhKyuehbPkFWhbFopn,0.,2,271843
1F8RoFS6pzK7ra7VXVdWnfTUSFoMaJNd7m,0.,2,271840
1Kj5rqGbbXvzxYdVZ1yWEzAo96DpvTjXCv,0.,2,271834
18kbLXGJFR82AHgBc4YnqmKbUENUx3hy23,0.,2,271829
1A5JEnGS4x8oDPRbzUFtPjRXgFAWwUJxv,0.,2,271827
15s5XyiSaVdEZ2A8pi4z2v86hio3HBKpW7,0.,2,271822
1CArPYAzgYA3qrPSi6xGxSctd3LgorVUk1,0.,2,271819
13mej8jCHZZbx8ARwNtUb9H5dduiKnGNT9,0.,2,271818
1PUw8YFo7yJPCGxgMHmjBB5UJw4mH5mBsw,0.,2,271803
1N14P41SqY5PfKNooTLNdU1BGgHxtXbgCq,0.,2,271801
1MNRmQPSb1ACwkc8LnLJgXa28FGUCQnnCQ,0.,2,271799
1R45LRxskeqqaRGhewU7CUwefCKST7MaW,0.,2,271787
1C1A2XMH8GSKxdizr8AmzzSeBdYBFc6jx9,0.,2,271785
1JuttobJTPNZfjzMYo12Kjs5SEyYFkmfxo,0.,2,271781
19ebpKR6smGWsz9HFv99Hz7BKMJhYM15uw,0.,2,271770
1GnjJNBnp5BxS43eaUktWyKDfmuD3eio1k,0.,2,271748
1DqeeCL7VxixPfGRFHKzPFeXQK8VYqQR2Q,0.,2,271747
19BoY7aLsoCphNa3iNnPtY7WF8CpWE7KeE,0.,2,271744
1FNcuNFe71yQYJAP2ektXiakCZncC41Pyq,0.,2,271727
1M3HSP6SDPcd8cv1bCacXbtxoAYv2VQ6Af,0.,2,271722
1EWV9WUExenv1EK1sCfuUKRHYA7CDaKGjd,0.,2,271719
12uNV7YTCjQuU2AGqJ7RnwjW4W9yTtwxNM,0.,2,271716
199cb7ewiAVpH1cJFhWuGT9D9PLRxZq3zr,0.,2,271707
1mozsVCbZ1FJfBZ7w2eWQ9LVrpPVisP4A,0.,2,271706
1PLoVquQmyEo3EvB5i2jFhHqZbNNcrKjvY,0.,2,271703
16urvtvTLAZCGiypqNBnTJJbD5wdAxfTvF,0.,2,271675
1NVAKqzTC7yrcVXTf25QxZw1NyNJ4mHWtr,0.,2,271674
1HEUBskuZMu1ivB1iPrndBFLbGE39VLzMf,0.,2,271672
1Ma9LBzTPjP847gmoDrr7tgdG6V62PUZ8w,0.,2,271669
13hzULBaARwpezdL99SXnNbfEn9PvnRVti,0.,2,271668
15dNknZoEWyGFLSPUPGjzotpK9sckXPJvr,0.,2,271654
1NweRZwpdwatPJCDBq3mBc3yZddUGYNSDt,0.,2,271654
1N72pLYG55KcJQQSzzi55x7SnPRCdxnkdk,0.,2,271647
13Lv4ZoGgMhg3QY29d16PeimSC97JYjbza,0.,2,271645
1G2AxzQdWP5BvBxYR5ZBtnuw9k4ihx2fmw,0.,2,271642
1EKM3sE7XfWJkMR8HoRXbAeqP7nhhW3K1k,0.,2,271639
18wyHbAnnVPNxMEaesBm1VRFqt6GpwhsGD,0.,2,271629
19NjG3wfEyrLa6u1fVULMxHex1Nw9UMeVz,0.,2,271629
19ArcrFwpmvsrwKyvPbZzCD8xjsVtJxGPc,0.,2,271620
1CzooTZ9eyiMsqk4nxhMgjMrpGjbS4h8jS,0.,2,271618
1M9cTKpZRUmw7vz2B9wcLY8fzPWZKd1VAk,0.,2,271609
18u4cv1LuPGBFhL1qzhXP8WWc8FCWRDPPK,0.,2,271606
1A3XLMVPCkRBUm5xm2MccVJkAjD7Mp9xTs,0.,2,271604
19YHuMFayfeDEYj4m2PEwyZg7P5vGsYQm4,0.,2,271542
18X1LCecPJkf3PojetFUZW4SSpA3Avo4up,0.,2,271538
15dLUUW7iWhbWJ4BLEPWjq223dbArJ66A8,0.,2,271535
1JrpqXtBrTNis83kunFSvMRzj5MRgULC27,0.,2,271530
18JYzPZNj1amU7qfBphR9PxdUJuAKH9ubu,0.,2,271521
1KrVMXyMJRUUJTMrpC7v8H8eJtizZHdQHF,0.,2,271502
1BQyyJyrJofiXn5P7eYeZqgDexKmx5UdwY,0.,2,271501
1AzwHNrjp78oTbuZz3X2gBVcFoTGjDWHee,0.,2,271496
16spzUW9USyw4DukAvEPxK3UaNPUk57edJ,0.,2,271470
1LJxsFEWEoFBn5xXPLgKUxkvefRYXKt27k,0.,2,271466
1J5yboWtwyBTLomAjDCyTF2knzVuJ5p4vx,0.,2,271454
1G8pRKFo7seqGFN8ht76vG9L5iNZvxVPim,0.,2,271421
1FyMBE2Cqbv6QyV9pBuCdLXRhnjnMd9DNW,0.,2,271329
1Bz4q6ac6Ji5ru8UB139PB8L8e9EFzEHTS,0.,2,271326
1tKhbR3S8RdjSAScG6twF5MwiJy9Wv5oX,0.,2,271323
18SP5A4xqhmGTmGrCxCuP9nzonFYKn2iDq,0.,2,271319
17E943Yi5rfdthARcczTtgHTchCYDGXrdA,0.,2,271242
1BmhTXiHV7T1YGX5zHD15TuiEzqFgihii3,0.,2,271241
1hsvE1jW2tvivwaCF92a62fih5dD89YBL,0.,2,271153
1Ff5jhoHxBFksJhpcwnuKHLvWWPA99kcts,0.,2,271114
18wgzKXVQnu2SJDyJCBiXjK2LD8CuTagMB,0.,2,271105
1MVXoBh5JkQmnVpCuYsDM5rtrRhRxCGu7z,0.,2,271084
17oREFRjJeAfpyaJ6PN7abTkzyKMjU82FX,0.,2,271073
