1CSdTwj9NmiASkuEH6NxmGRQEueuFzfKYd,0.,1,476783
1PoemsJfmDupiHnAV3mqKzgmikvGFpDmii,0.,1,476783
14EvPiwLH6twSy9Jc9WtBpT58aV4NvKi3d,0.,1,476774
1Gb9iJdca3hQqirGikHT14WJaA8nqMju7c,0.,1,476774
1Q4THRPtePUuSLGM54pDo3pwPW8S5qAMGt,0.,1,476774
17h7CVZj9zhATyjvF8vFEPjdQTjVPgFoc6,0.,1,476765
1F2mExnzCDRqe7PkTUgaP4nAeZAXFBSsGC,0.,1,476765
17vfXzU3dTUaiWGNSrdZmFZy3akh6Bzpgm,0.,1,476761
18CFcVNN3yABzRVvMeL7Q2Zhm2frE5DUx5,0.,1,476761
1D1XdcwKBLy3Y35QGQy6Zc1zSC4UFqNqmw,0.,1,476761
15KJEjqsYNEeuhaYX3ygeWPi1vAs3551LJ,0.,1,476758
1AguYEdqDKatSG3vxVU3KdAVHDEHn7LHMe,0.,1,476758
1DFzUcU4xpGgRAJcXwiJdJr5BUc6dfNujH,0.,1,476758
1EpJk6mnxo6ag7BPpdWpg6fjhNgvkdmb67,0.,1,476758
1FVhu37NotGfFnJeQGRhdvY5jztmHTazJH,0.,1,476758
1Cm6Ron3Kfukahz1cGkDEQca7bpDrgB2C6,0.,1,476750
1HAWT9BfyZNsY7qP57hNeMDBisCPzqD7bw,0.,1,476750
1HJcJyUPV3mWZfsFxdAeSoiK8QgmMdnCQq,0.,1,476750
13hpyroRRu4w1ztrovon68tGoTQ7amrt34,0.,1,476742
1CEk3MdqKY2hhUGwBUnCUWanPAoZnWpeG9,0.,1,476742
1ERwBCVEdNrek9Z3G7oz1SPuxbP3mwD4FA,0.,1,476742
16MA7NuBMG6pCvYunqzMv5LDEeVRThJbHS,0.,1,476739
198ZgpPbeFJH2xyYHi7EqEJtKPSuDnmSnt,0.,1,476739
1CarfV3jHnuzNW7oxZgRXyZ6dcWK7hDjpR,0.,1,476739
1GxfKq81wrjHW9m4fFK7kjUDEew7pbWuif,0.,1,476739
1KndsLcqde3Z3n4MFoMVVoigrV6zTzzESA,0.,1,476739
1MHs9zxxZ4DoZfjGuBJdAfoNqgPG5vCJXo,0.,1,476739
12vPRBzCK5ijKgQNJ478rBxqDFarbauESp,0.,1,476717
14XoG2gHrsxVyxQjMnmkwDwjYti47RsCPt,0.,1,476717
12fFLhigESmVQJ3cuUecTY3DKYGXEYE8zk,0.,1,476711
15u3AQy3jdX4wwRe52TmPwHnZMPLEYQ7ig,0.,1,476709
1B2qSKCPivTdJaCXVVezRPkNuzjJ5PvNVt,0.,1,476702
1FYcQyR3sNYBghSZQVjWnZzrabgZNfZ72t,0.,1,476700
1KD5X8hfbHBAT6iZaU6FZyxmYUCrHN7erf,0.,1,476690
1AyiWFU7fWdnkBXRvE3okTUA8CZDjjDRJd,0.,1,476685
1AJ3reXcRuPjHGjXBcS4xvZ9tXykRv12NX,0.,1,476683
1JFrQGREhbq88ceukQKwvoiU13DDNZBstR,0.,1,476683
15KkTsxS3iPTxqtzvtz7wDHUXCSG2Brjfa,0.,1,476677
18p117gD1h4FkkYsTUtdoh326GnokQiXSY,0.,1,476677
1BzrUwQTGRZ82ntELpD44AGBqNRaPQrcnM,0.,1,476677
18aQvhdP2hhCh9GFCT2BYmdmzX8Fr629QC,0.,1,476672
1LFy96GFyRUph7JR5zr76w62hQcTX5K4Qt,0.,1,476672
19xNrWhwao2tkPmxNwQBcM8Gg8WmEzV3Fv,0.,1,476670
12u1BqkvGuNsrRAEy85tDaJ6ZtCpcAhTTk,0.,1,476656
18YCxbbVdZox3w1nuAW2feHL9CM7AmuRF,0.,1,476656
1FWAK5GHZE5qSgTfTdfP4cDzDRFcTojseW,0.,1,476656
18HnNbPZVeUXyrJUf6cPMsqJuDQ3PrhnRN,0.,1,476653
12GJfhdysqhyaigwXcNJtWBCX55xqsg5yV,0.,1,476644
13HX3xaa5L1iR5qVkc3qUqZdjVwQWis8ft,0.,1,476644
13mQ7rePAyzLVrig3MZyDUkS3MNkf6Qeu4,0.,1,476644
16gnCfcvK3Puds9hnHcCkaJJuSAC34zTYZ,0.,1,476644
17BVWEZEpHqfhnrGCrYvF1d9FQfb8TyCzH,0.,1,476644
18GuPW9GuZckPiucCbkKtqPjZDgXMRMNQA,0.,1,476644
18LRMWYMvUm49yi2pweU3uq7YkAs7DqYM7,0.,1,476644
1BndKVGsLKF2xmach5EuGLTyesva2pbnHC,0.,1,476644
1Brc4C3vdpxpR6anNn8raZvGLHj2gC33aE,0.,1,476644
1CRHHVFfkpV35tcAGiQXPULA219FjQufF2,0.,1,476644
1DKWkECJdcCg8w4mtvC7ryjLHTRUSqjZAU,0.,1,476644
1DWRdYE5rQ6u4bgjzhX2R6EBnMqnvShCN1,0.,1,476644
1HPL4d4C1F9ZdquCsvW3ckGEToHcQbYRcf,0.,1,476644
1KXC8cyY56Lj2WUTz6Y7M2ttj1jeB3sXKn,0.,1,476644
1Knq9G3wRepooBqWDHBrWHBoag4waiNLjY,0.,1,476644
1LXdNMJPTVnGrd7v23Yy1Pyi3QAzt1RxdY,0.,1,476644
1HQN5LkEvDqwaSk8ePCzuZYm3FuGf86KNX,0.,1,476630
1Mwp6Do2xSWapooHJD2UqSa49q3PLERLch,0.,1,476630
12LHzpWAgGURyVEhe8GR9Sp4JcVahcnXk8,0.,1,476601
1NLWP2hDqWC68N9g5PwgSfwE2ZT1R7LuQf,0.,1,476590
1MLR4AXhiBn8cxpyyoPJAtftJdxGcZQgzX,0.,1,476588
12x6n996kPTSxt38q8PZVsBGx2zq8Wvrov,0.,1,476582
14uwQNwDP8tsa9tYE1wf497D1J1PmcW3ME,0.,1,476582
19BvA3LrNpBw14peiCyNKzfCYxDPVC6V4e,0.,1,476582
1DfU7PYHeiDPVAPowj1qPMWbQCUeBD2a5e,0.,1,476582
1MKaekkyzwoSASNKfQh7xFreqj75nyxskT,0.,1,476582
1NKcgrYSFibaG63QKgjHWknZP38HXa2nje,0.,1,476582
1LEbYYKc9EaxCcQnUShghr1B1AGmpefA7X,0.,1,476576
13tRgfF6qfQDYPqxbwZPGSN4YLPCnLrYY9,0.,1,476567
19HYje3mRMNJH2iDAVQuzwWwdfPJcr4VYX,0.,1,476567
1BNPVmn7m6E3Hdvfn9cMqW69ysotGbF9iW,0.,1,476567
1DJvkjGgrvBPeW3sKCKS8Q2C3itLzau73W,0.,1,476567
1QJYEY5JcwUGaRfcEygT6zqnZFMeWfrwBE,0.,1,476567
1XqbNKFZ5W2V1ucC144DMM9PyuMqB8FST,0.,1,476567
1NCiJiNzYnAH5NvgxuoHyXsHsKBbbtHhHA,0.,1,476564
1Ay78wKJ2rkP1FhqmyMKnD7QYzUS3ti8RX,0.,1,476549
1GEWUDHFB7CxqF1UjwzqDewvrJfcNPYvpB,0.,1,476549
14Amk4CW3jfegqweJaM25PcYNuejAK9nJf,0.,1,476538
14a276RRZmNCnCsr4WC4SVBDLTJJ1wKMhE,0.,1,476538
14yfvWZYpc8FxZGeifTAmTXKDcZSzWZopZ,0.,1,476538
15mCdgocmGRrrCjMrK2AUyXw7h3sJ9VVUN,0.,1,476538
17NBZjqPAhbSsc6SnYkKiAXdevKBBqeKP5,0.,1,476538
18nfodsS2VkyXJsfpyKgbA98SH9kdPTNfB,0.,1,476538
1Bd2wYE3NjR7aLzf1tPEvXQm1BrkKPNop2,0.,1,476538
1ChDy2GbFBu2LC3xNiEBF9XT54hAy2Ksh1,0.,1,476538
1CuZ42bT9SamPJvhua1snCxpqdce6Zppb6,0.,1,476538
1DkkqAsfRsMKfBGjj2pH4WNqxAySEyVUik,0.,1,476538
1Dy92dmziEhr6jnzaEtnPWBrEJtTQBQqWT,0.,1,476538
1EABjvbjG8W95khMUSuvFcd3te4XPDh1b,0.,1,476538
1GHHgFpC1RGsamNeZT2UxVVAnz1NhfrPWh,0.,1,476538
1HF7dB7PjGxkZh7Z2Nw3CbRETjiap3mM4M,0.,1,476538
1LNVhiNHEi2JsGuC6i3vaNhAtLVRTGbwff,0.,1,476538
1NRGJBfjwitv2o22cMDstL8A2pNfta9TCq,0.,1,476538
