18PmrErX5yhmMYyQ2jxFvhmKwwNbpyunNz,0.,1,440361
1APGF5oVwimqy6Rn4FrisasPXUJD1wsDLo,0.,1,440361
1Ed5huYcq3CCaw1JTB7nomq8xL71yhP35f,0.,1,440361
1HzbA4gSY326LxhzZ9gqVg1FiirrLB5X8o,0.,1,440361
1JyacU8Ez7izeowAqsjHRpsNMR4VJDiR7B,0.,1,440361
1PzHRH2aKExf8uBrF88WEH878sfuRKXz3Z,0.,1,440361
1FF1Wmn6kxmcZh2Y6k4mqFHHsEci3EfV5o,0.,1,440360
1NTss3rDPtiUQXLYWFFWWz9fzwK764jFve,0.,1,440360
1NWmMGvGmFcdK4EYiYMUNquRfwLc7Aje5g,0.,1,440360
148iRC682LVen4KKPQSAo4nDZzMNJgHHue,0.,1,440359
15YprqpwfszQVtk8gYKQQTeDJGmgaTZ7xs,0.,1,440359
1AkRPfT1ZDHTd3DEXBgqLLWF6fgHhKnP9n,0.,1,440359
1EdUsH1kprYtEL48iDbZyfFYx8aSaaH1LW,0.,1,440359
1GamcjK2ph2gkrvkA3YHjrttcCV6k4yfrD,0.,1,440359
1LTeF9ZUj7s9Piz46WNePBrJdpe8Hq2iAp,0.,1,440359
1Mjaah6KKTrfTFTEpThK8gmnK8EePHp2Rx,0.,1,440359
1Mm49FAWuWJ34ydCMJw3wqnDMVFgYtC2is,0.,1,440359
19ouqap9doUCcC148vueuGEHoq9qoWvu3Q,0.,1,440358
1PYLNEKvztNogZGSUuxospQx1Yc9BQxjYJ,0.,1,440358
138r9cUTXPpHyivyFgnmdRh2o81Q76YKwW,0.,1,440356
1FFFcg6nFvL54sdwsMJkJeU24ddpWCfHoA,0.,1,440356
12s5GpLCVcZU2eyi5TxMUwYJevRWqx4dny,0.,1,440355
15YS4wUk9uR7A7Akwfs1BXsipsSXTUm7ih,0.,1,440355
18cZu4KwFXoerbEjzRk4D7WqQuRL6iZCEu,0.,1,440355
1BXrNYuC3k3ZXmJK2i8BexEizJuRxHx35s,0.,1,440355
1J2ru4RJRgDY3fF9e6RgtNVRm6B6PZyQFQ,0.,1,440355
1Kt8NqMzxCdXi6dN7Jd44szj4eePSG2xj,0.,1,440355
1HSX1V5n9yuiEPLWbAFgwjUPCeMn1UoFQW,0.,1,440354
1LtffarnkUzDNosjupjzJaQ2YEzSSqm5bi,0.,1,440352
1Q4k8pKABuinU9svzfhNcA8oD5TKjKoWXf,0.,1,440352
12TJno6oTVb4Bdk59iGhQh7GKJMe1PLp9L,0.,1,440351
1GB68jmbq64zLN2idcNWCp2KUDbzKX9NeT,0.,1,440351
19W2tKL5vSdM28c91t2vL37tKgugp2mAxw,0.,1,440350
1Cyp29kWMMKEqL1RL7CirZ39Nyo8Ktp72Z,0.,1,440350
1DrXiDpcE1Vvd94D7RYx26XqYQ1MwXwtbL,0.,1,440350
1FFuA4g6dDjSUBezfiT4wZK2drNwbJQqY5,0.,1,440350
1GHEDgRobaWwzirioKintNJE3mKNQuH2hp,0.,1,440350
1Lmd6NEd8ubixgWEm6BzStCtLSNc4HYdXv,0.,1,440350
14YTgGHf6JtrLZEjpjagKh7iKM4fKNFPiS,0.,1,440349
17u9XzrwmagAmKRfW15KXiFg3nvZR8dXBb,0.,1,440349
18BUmFTzPRHoXSfL3wrJk2MeNqn844foW1,0.,1,440349
1BWvGgL2Us8Lac5UwiKKBiaSgb1PRhMVjE,0.,1,440349
1CFxZUswxsSdeyHZcTPsrCMeSoYTb3aA6r,0.,1,440349
1Cg4xJwBcQaxEPBaSTVbpzdxzLDS1h2K2f,0.,1,440349
1CkUL9bCXU3evchzZMPQG1AiDfzpS2A7zJ,0.,1,440349
1H4omZbe2u6zoftgot9rPv37nbi3ksG52S,0.,1,440349
1LTvdZkgioey8dvywuTNpZosJFEP57rvti,0.,1,440349
1Lc6qDYc99EGV93MfDiyGCdNt1fCNrjsAy,0.,1,440349
17212uPp9tWWx6iM23hjhd6wNuLpHvEx4b,0.,1,440347
1BzY3aWRRZioardzKnrnWNpC2fdEC3Kbhu,0.,1,440347
13SyKjjcGcSzXV6m6JukHYpp1zaCwPQ3mr,0.,1,440344
16gTccr8H8ovTV6p2EHVWzfGGQ1w1v9gyq,0.,1,440344
1AQtpfUqR71dWd3U2GEhmkTDUyzQtHEqUc,0.,1,440344
1BMVTwVZYiiFQZGXf3xtroTHGvpYxEw22W,0.,1,440344
1EPJ4KGHmGBU9X95c7p15GXhPLssR7Q3uN,0.,1,440344
1J16aSmQQRLrMCj71AkfxNGF4nDAMt5iAx,0.,1,440344
1LVWU7Vp5CUZpYdFphi477oMsq7h2n3kFy,0.,1,440344
199Hno4MRF2jTtSUVsP5U7mkPGQNU16mga,0.,1,440343
19fAdPqaA2ncrmAfk2McpotB5erij2CDYX,0.,1,440343
1B8ycqh7DGjmPAKTfQGkN6HswqqKu9MW8X,0.,1,440343
1CR3diVsuBR9tDAeB98XprnpuVxZSbdXy3,0.,1,440343
1LpLPxQSpqUS2VhtnwkRb9Qkkd3NdQDa6a,0.,1,440343
1Miy9eb3kSy5h1BDQRgY1WVcs5aH9d9VFL,0.,1,440343
14n7NbQDVnrzrWXa3rXvJWN99YbCkbNRSE,0.,1,440341
1A3JbrAPdwi5AfXCe27um9UXZqzvqcy5eJ,0.,1,440341
15KNa5h5129cE7dCSx5rMaWKVzWmm5XYBQ,0.,1,440340
1DfdZieMaLoki4WuBsciaCXpGn6tcPTvNv,0.,1,440340
1EfXo5iBgRHtieocTyjWy8SDuc5Q38Tkj,0.,1,440340
1JgK1fXotTeLEL41JJtQP7rADsYk2G4BcP,0.,1,440340
19ZQScGK7wK7SSx1mf4CYTws8XCqqMjcEh,0.,1,440339
1NMd2kYfSRS58mNUhBmUPKaWzS2jNJikri,0.,1,440339
1ANZxLGQQzXh6Upky9HqcFkicc9YV5jfti,0.,1,440337
18EdoohCW72vbxVCvsdRiZUdttwjXgCGZ1,0.,1,440336
19nUnXEnxFis6GNxbxZbTBRmZndSfrctz,0.,1,440336
1Byu64C2ig1Fu49suRaGfRNYtLbzTot9YZ,0.,1,440336
1JGCWVQKhANgPt5k1nQv7g5swkxwdQVWPt,0.,1,440336
1QEHdazZFZWkQz6RWH5QAb9UrcmixLKpru,0.,1,440336
194mgXbeEBy8KeKzc1c7JBvMvxwyR1TofB,0.,1,440334
1Bj3Pa6UnwC7oFPEQdDQyBmXJbxRLoub9X,0.,1,440334
1MtkZmEuUvEsinugYGYUwwoEkxErsqPavg,0.,1,440334
12o4N8p3oRHrcvTT7EV7ZWMup5Zm6SW5cx,0.,1,440332
13QwVho4dCf3pM7hZ4RAxWusJ2e8hHXQr9,0.,1,440332
18CPMan2uM9T7kYsUT52Gbwd1ETV6HJuKS,0.,1,440332
18ix4aXtReUVe1fHSgi1EKB521hHxLsTe8,0.,1,440332
1BJNJZD1foABkP7oX9pLyHHtzD17YF72sK,0.,1,440332
1MNmi7U2qKsVddyqi3eznmDDyDsg1nG8GJ,0.,1,440332
1NSnNAmBCUBEGrhJuJjBEcE1pJLTxdc3Sc,0.,1,440332
1P8zU7NBZfZ99FYxRwVWWhDbdDUdUo7bXR,0.,1,440332
1GfqbBXRXSu4r8FBWhcw2FPmjrCHeW92HF,0.,1,440330
13cfgMWDzaVGK6pLEQKPKR2fCCaFypn7yB,0.,1,440328
1ASEK4QArQWmW6ksF9VbUhn8RLNEkvcbYW,0.,1,440328
1BCrDtccP1EtQghWG3uoDP2Ja8NgN4vUcT,0.,1,440328
12ERxprFisndQgJg2bujL3MUBx8VwGaGzd,0.,1,440327
14cc4TKZ1TPuQtXiD1ADLzDuZgqi6Ehoog,0.,1,440327
16kVBToSLaAd4D8fjsHKtn42aUf1GJynGE,0.,1,440327
1B2asq8CzosqNVBuSTe9qwMCimvAeSJ1Cn,0.,1,440327
1D39fyVgrueK6rQdSu1p28z9dCVucresnx,0.,1,440327
1N41PDh4oxFHXSja53wRi184AX893QcnJA,0.,1,440325
1nXvn2t1X2DsVCUhhwTkTGvwXgTXmssLr,0.,1,440325
13ArwTGxK2bZjzmWGKBa5wDn3s2BEUYVYH,0.,1,440323
