1NpXRh3icqWbz31TwLoEK95ZUZfP8gHwkP,0.,3,395828
1Tbwe8ZDv5ugcBNEjhsCndkeeydK2Yk6v,0.,3,395828
1GuvjwYuztrErHv4frMUd3Vet2PZR1WbPH,0.,3,395827
1CFmLbuE3WuEsLNTwngaaYJYpu1frgFjry,0.,3,395826
1DEwMd1PsiJuPB1pNySQo3XUoop9bJNpnC,0.,3,395826
1QJMBFs9yyrJFBAakSwQFLfy1G6bCAVTHj,0.,3,395826
1QLYT5DUdWLp4a6QgbPtdxptP4AkvAM88w,0.,3,395826
1A8wmP4HYo9sETXA8UMjGjbvzecPLyZJzg,0.,3,395823
15yRt18bytJiMBEJ6a8mWDgnsL2nuUfYsP,0.,3,395822
1P8uaT9XfKneNpiPQsNdhkVkMUu2ZrQ9Sp,0.,3,395822
1CxGXSz1VtefAo4uYfVFpDoW1upRRZ4XV3,0.,3,395819
1MGMrx36TfHABpDL9wDuZxSAo86nARCcGq,0.,3,395819
1keBnSi1qzexn5VXRQELKYBobqKy8rECc,0.,3,395813
1Ptmtmv3bbiiuPVdC5cfDWJ3geqoTKDRU2,0.,3,395805
1BD4HWxq4aqpioXpsDYMTkgb6fyY2FsbMF,0.,3,395804
1BcztLdRmk6kNmCqzW1N98EMeHXestAXeQ,0.,3,395801
18x5GFPTH3Lh7cfxTF8WabXPof3UqinYsG,0.,3,395800
1GzebC3bd9xFN2Nz2XqSYsrzX3H2PbMpL8,0.,3,395791
1LyoGHfETHZfscKTdxZ7C44XjEnfe2S1Uy,0.,3,395791
15HJXD3DHoS4gxQdUkZJdcd7vz3yycRECG,0.,3,395790
13c2pTJhskLMrKceceniDUPpwxMUk69xZX,0.,3,395789
1MqXnj8qWqniHg2qNo5xfyEMHwQbRTMxC9,0.,3,395786
197cdNFUKaiPZxCFGcDTYN8EMLW9SnbZWq,0.,3,395785
1Edzkecn5HTvWHYCcgUzFrTtkx5Fv1gtq2,0.,3,395785
1AVUKDBZmeC3VkbzLfAU1X28XJZoL57Urd,0.,3,395784
1M2HG9Pxv2nbRFiBJoM82kav7Ynv6M3JwA,0.,3,395784
1MsNGzri1dxb2vDKygXguVp42p7t3GqpEr,0.,3,395782
1JZvZPDT6h4CXjDbvMvfMKEcgoW66wadFe,0.,3,395769
1BU58c994zcEMRodyyGA7Czws2pjVsiWZ9,0.,3,395763
1EGwwePcA1Q1BgVuHiNXFSYhU8cfupV8D4,0.,3,395760
1Fk21wcwKta7zotQ4Knk2SJdtyew1EQZCy,0.,3,395753
1Ax9tqH7zN89ASUizfvqd64RmMkKYECw6q,0.,3,395747
1MvQsv1iezN6BD2yTLPZAKq9ansNAhAnzF,0.,3,395747
18ivwqDNpQtWJL3nksD5WyFBLvPFh5BvQH,0.,3,395745
1Fh46rcPWFMC4kEBuseHX46fmaYEbLrKmS,0.,3,395745
1BTmbSzqTT3u2CUCKfotoZCQ3it9t2dkxP,0.,3,395744
1KgCccPtykZjc4YoH7UkzsP1BEsUdtyvqt,0.,3,395737
1QL1Afi4BmFuRfUaxrXpTVK8jhVfjYPym1,0.,3,395735
1BZsEV7rWwt6C3UGTSQmCT5s1EznyjiNtE,0.,3,395734
1KPjtsYd9fayhtswiWLqtdQuTiouF9Hzmz,0.,3,395730
1Npm5mGQ7sUDL2SZgtfujQUmTwyR78KNcJ,0.,3,395729
1An6zM1Mh1aybUvE4Y2kTf7Qn8WS1tGtLK,0.,3,395728
12SFSfYneHfeamZLpVnPoAJu4h6hLu4JJj,0.,3,395721
13eC5vgKGt4YFZ3xndx1B6dn95yxJHVJ8b,0.,3,395720
16bFn6PqBLNQ5PEDxY3FkeNj5U8KsAckRU,0.,3,395720
16vMQZ1n8ZuFUxTPVGwxpWfdeShvfLaK9u,0.,3,395720
1PAccPwaiNJrmMVGnF8czNFuMRfbB5Hue2,0.,3,395720
1qXqZkkMAdx5CLGvAEZRMgZ2ze1wrHdVv,0.,3,395719
12zTvRwZMbyzFpCHqanLywUqNNzH4pri5q,0.,3,395718
1KQZWZzKrBKA9FWQvX7LQ6qccZ4wSkQnMv,0.,3,395717
1BcZ1yYyXPvj5kawDgmaLck8zMrWf3gPik,0.,3,395716
1KRuYWrEH5WDKiArcBFYorB8bvNgiCJ53M,0.,3,395716
1ZNNjcFfQ9bMZq8ArRPmhLtPQy6hucvuc,0.,3,395713
1GUJFgKE32jfLbRCV4LcaTqi3TgXitdMnn,0.,3,395708
14xyLaCe1rZszCMqrabSvCg11esqYWxEJU,0.,3,395705
1AEqNadYGY5md6ui4svoYeBHWnfZwwjM5B,0.,3,395705
1CPr6vwvBHMvNcrM2XmdKN2AaLS386Y8VL,0.,3,395704
1cQfrtvtVVzikMdbGtDV1VJTKbgiDuy2F,0.,3,395703
1NL615hKAacHA7angiZgdFAzdBdtfKtRrL,0.,3,395701
1KD6Bjd6FWhggoLqeV143Y3abfS4hT8csu,0.,3,395696
18TeyEjMRHWyWN9gSyAhBC4yJNAUJyduKm,0.,3,395693
19yWNWTcRZH2tCn4Piu6Yq5MEhC4SURFm4,0.,3,395691
1CfPLuwidWWg6gqnEocZBSE7XasGdsiWMw,0.,3,395691
17eUJaMdQrDJ4uMs9xRXoDnRo8g3pHiG7d,0.,3,395690
1QBTLHCR9yNZ3XmnbzoqT5hrxnENkGbp43,0.,3,395689
13LpMo7d6wBkfSi9kzcT1ozHTqa6QgGzQb,0.,3,395688
1PoABXFc6xd62mE5dnfamw7KoRREZ4z8A8,0.,3,395688
1Mn5LDbC1D3hpSYs8oxPFJre2Bc1AJ1fhM,0.,3,395685
19NUrQWe51W7RvPG2KZ757zY1ecWBDojm9,0.,3,395684
1AdQGVQRYrrpiULH6gjY2UmbeFTYbf45GK,0.,3,395684
1CC53N4YNhmaf8gZXjJNsekHAMqEeKcT6Z,0.,3,395684
19T8y51VN83V8ubYpPhjiLRJ5J3ZL39aob,0.,3,395680
1PG6WG9Zc1KNB9bK4UMLqnJY1z1DJHA8P1,0.,3,395667
17FPk3hhunQScm4Ji1BFma8WBf2EabdXtK,0.,3,395628
1BxADBvtvDppu6ERwBHQXQ1mNkMZe83re3,0.,3,395628
1G9hNAiPgYx8EBLU9u7xk1oE8wSVL13NgX,0.,3,395622
18XECX6Af9DD2fJswdUPoaJciMvu1xnQgo,0.,3,395619
1Pea2AV8YQQQ7eg6wJiwGwFPYkYqmsKuVb,0.,3,395618
1P949wzCZw6Mex6dnnEgXHCfkdVSd7QgkG,0.,3,395613
1LrBq41W3qr5oPSduY3495KX3MNxZvhWkc,0.,3,395608
16U8E2NRrA4vXAQPxopopLY4xEArYn8v4Z,0.,3,395595
1JibxJC4K51Pn9zhyJncLJcEXcJ28j9Pbb,0.,3,395595
1Uip1v9rc2FdyAFu5YvbM56fNoSWUPZdV,0.,3,395575
1KTwZuuUHUPsqrPjsDW63ZeL2PVvm99fDH,0.,3,395574
1MWukVirLGf6mEJ6SS3uTbGkH2RcrzhJ6b,0.,3,395569
1MhbcZM3G7JWPJFetTc9DWvrSFrx4kBP5z,0.,3,395568
19UsepuW8RkAJ1Msk7E5gE4PsoS4CvL9tS,0.,3,395561
19nqGEZ4gj8SvNfpiXVp8N7cDVtA9fjqNK,0.,3,395557
1A6D7Lgc5aHDw8z5MnfPm3yQeeicvqhjf8,0.,3,395557
1F2gxArKktGNGvfjauEena6NPg89jJ5Yps,0.,3,395557
1HVY1wssYarjCHjAkw2n3MgAbS6VxnPBaU,0.,3,395555
1EAiYD5RafFxzN3HDWdBzevVKkFaCntNib,0.,3,395545
18UWCUawj9ggqmMk82oY6y926SgZh7Ezw8,0.,3,395544
1CsnCsZRu9GyCWqzdR7rEEKMc14vNc2Qp9,0.,3,395544
1FDS53t6oU4ch6j2uA3AnZqb8C9FnWv6bE,0.,3,395544
1NAkDLcevD1Bz7MyffBADtaovW6TnsJDZ3,0.,3,395544
1BGW1Q7cQTcntD7R99YqZHRAeSAoCCjok4,0.,3,395539
1JvXFNdSvejRf7nwTV6um5AJhFTEHwyTz1,0.,3,395539
1LJzNr5Usj8YtDpe6iuRe4u665FvyvYPEv,0.,3,395539
1L5qpgKrN9vHpoeUGxoSHWNja2FroHbwEZ,0.,3,395538
