1LGiYn3Q65Zqpy8GJEGkhsumihgm4NbBTv,0.,2,267265
1LHTUeR4aEGdPk3y6MV5zhQ5yy6DvKUda3,0.,2,267265
1LJ1g8Wz8rYJpSE2xkBYroN98dWuR7fnqM,0.,2,267265
1LMbMN83t8hCnXxcHzu4z6uss1wLB7gn67,0.,2,267265
1LNE87U3GYfk6o3nSoiH9Ra8XWvH6LoA3h,0.,2,267265
1LQZVruGyvomWDnQvCZpfg2tuLXRZqLSjd,0.,2,267265
1LR6AxfUdbeuckL2WdDkShu3TGcN7vr1Nz,0.,2,267265
1LR6mjxRB5Ywk6stKYcywoZuxvvgnnSV2j,0.,2,267265
1LTQVnLdZ5EwgXMmCnVZoHyHRw8JqngwRH,0.,2,267265
1LdtikMBUq6p6Dbf3wNtN3aHAndZN146ua,0.,2,267265
1LeSnkNWDwV8faXpcPq7RmALga2DU6TQHF,0.,2,267265
1LgGL6iJxSsBV674KBisorrVivV1wMYQkA,0.,2,267265
1MC8m9fs3Pw4TLJhPvtfk6iWAJcaoHMqdd,0.,2,267265
1MDJFsaEUroMzgEJ4L6hUyRp8jFUxm3kcz,0.,2,267265
1MTGi6LAe2xpG3UGPUcsDFfwLTWMu4VQnF,0.,2,267265
1MTWPJGRgUkeHzCHjcj5xt8JL4c5dJ1DRh,0.,2,267265
1MfMHXHtaZx64ToYrwMi5JNqCtGB4aSrH,0.,2,267265
1Mqbf2wSBV9FH9YJrW1MeGU67SLWnC9M6n,0.,2,267265
1MtvnzWXxHtL6atetW1ggfts1G5zaeZbAR,0.,2,267265
1MvmARjzCLQRHgDk8K2CwLWq6wiVphpLeA,0.,2,267265
1Mxgryp5TExsjhSjMt6RnM5NdAyb3uPkuX,0.,2,267265
1NFrA7zZZayaoeh6gTzkYV5M6QjeVSFHBp,0.,2,267265
1NMYdiLAKc33n8jNsrkAJTAmsvBWnwkTyV,0.,2,267265
1P51DzDZKBkfdS5faxw1mS5Mj3hdCcqNpm,0.,2,267265
1PCCVUecDJM2AYeebTV3AtG38saQVw4J6q,0.,2,267265
1PEuNCdrsDyNsZMKQ4MoMiyjnKfrvEMh4,0.,2,267265
1PGLfjgFmnv9hhfs3Br8PiJj7FPEhDn6hL,0.,2,267265
1PYZdXQPdmL1EUBvM32KGPGnWiPpPToa2Q,0.,2,267265
1PcBT6vtienBVK4iUo9XccCd5Ybqxm5MJo,0.,2,267265
1Pf3r1cQYfNRoNsvuC41hFdXbyLfvvZBP3,0.,2,267265
1Pnq6uyHg2rhJZTmKFkjxXAcaQJYrVgvXH,0.,2,267265
1PuXHw4nMLfnYNzC8mq5kbFGMJBejRYFjX,0.,2,267265
1Pvkvi3F36hiEwMJD1azzzF5PaFaNb1KSU,0.,2,267265
1PyN44E8XnJkV6b6cZvHJMgUugv49r5MzD,0.,2,267265
1Pz7A919Ly9uCtNHqrFxMnWPPqJ4sP78ag,0.,2,267265
1PzZkPK1UHUpDa2FJe6pXD7ngYCD9C6KHV,0.,2,267265
1QCSfSuZGZzaaZsKBuEJkETVm73273bo53,0.,2,267265
1QJorZbaXa9gtkVusqr5M4eQK8FYsP73Gb,0.,2,267265
1jXAgVDwy92y4rmPcoQzKxn2k2f82SB4v,0.,2,267265
1mZXZJj5jSnjw39riuQZZKWMTt9ZR6qCg,0.,2,267265
1nZYP7G6XgdM7HMgZEdGvrbHTEgqaABD3,0.,2,267265
1xgWwLP22rVrntmpsxrZW8QqpyT1P8TWJ,0.,2,267265
1zh66uVzEJQ6UYouHgXzYTq4Y8QViAFyJ,0.,2,267265
12hBmX4rdnzMbsJVbRDNWr43iWNzBwhu9N,0.,2,267239
12puc3JGJmX74S6noP31egMNc1ZqE9JNmu,0.,2,267239
13FaVM9kkzLntpb3F5xH3BZ7A2ohXp8epb,0.,2,267239
13c5HRFu9k4DjhAa5HRUGcNy33bt4TCKBM,0.,2,267239
13nrq125dxZaC299tQ3kqiRGycdBsbeX3V,0.,2,267239
148amNoLVvadEoV66j8XK1ve8MLv9sPAn4,0.,2,267239
1497QkiQSdjJHxobpBuhXKaftSgMosmpdF,0.,2,267239
14dzk9RGwHb8AF4cRfdzwRmRg1qer74K8S,0.,2,267239
15NnC9r991yKNCyQ6AQrHN9KEWQCG8fs4r,0.,2,267239
168xU6uqy9vsNgcx6MGp7vfrMXn1E7pf2N,0.,2,267239
18mJcH868GHMGrfE5qQHnB5y2ApkwVB9pR,0.,2,267239
1B9ZRXkxnnU1Fc8jTXRasjdGemnwsfL21C,0.,2,267239
1C3sRiANeQViLo6YTyix9N3Dr5nXycSVtf,0.,2,267239
1Cb9TVXf5a8fn6f6Aqvd73HzJaVyqtxh9X,0.,2,267239
1CnxPNikU1rSLBNx96G1fvMNM5YLm7iFTM,0.,2,267239
1Cymm4hFwzBe7aKRumpMbDEDwR1QkrcT3J,0.,2,267239
1DGVpK75AxzRcxPWK6mGHyyvsT2irjxLkq,0.,2,267239
1DPth36kerP5wirYEjiEFUZjJGWo5VSdUm,0.,2,267239
1DToLvxB8BSvchpJX4DkiBy6VMpiqSBAf3,0.,2,267239
1E1rrLuTJ7fkjcYD16BF779vbkfSypF6u,0.,2,267239
1E8SeXGayYRhDr7bzWPTgucUZCPAy5h5PT,0.,2,267239
1ETpqihZkr8EJpo6s7auy5dfKeSd6cYHCz,0.,2,267239
1EYFb8RXHDokTLBXwyAnuhsjJeommUKprH,0.,2,267239
1GR2repuJAUvcPbwawMyfDvoycfAEZH5pF,0.,2,267239
1J7ufDu4NhjdQpJGQF31pgbnNFxMn8JYMs,0.,2,267239
1JM9RSy98PFrgN7QkajwjQDmR4xrYLBuq3,0.,2,267239
1JZj6u7cDU1coL1nW26LtLUKS1NdCBSfn5,0.,2,267239
1KLyLGZB2kP7UT8gZU7xpZimGuBDpscpZq,0.,2,267239
1KmBo7DoPQGetBQKZAU3t3bS47e8r4NzcC,0.,2,267239
1MJvMQt1f714Sj1f8jEu2vSQbYbyYHh9ty,0.,2,267239
1NG1TJnNi6MHLQpBnrRvSoVkYmikx6DCNo,0.,2,267239
1Nqtb1doGiwrK2psJZY2MD4oQjMRhArX9s,0.,2,267239
1PW9oUhFNh4aWXrxRUu9Qsv2M3XxziBHAu,0.,2,267239
1PaCdgUt5bQpewWC3B8RELcjT8kJSzitpB,0.,2,267239
1PmWLxXD2KhNE1y2TmK8aieVvVAfZqgrte,0.,2,267239
1jNi4w8fxFgYPuyNnatRgRjXqJ9i9mzLq,0.,2,267239
1sxbuRdoKoKFqcUj99JTba5KpCExDv24f,0.,2,267239
114MZkYhUye5WYxuuNb6wJYB1hkj5tJ7Hs,0.,2,267119
124BBRKcgFqoQc3HJcj7EVPWsY1u6ZWa4Y,0.,2,267119
128nfFbr8KaVzdqJRfSRFHgNWaRB2GrHbP,0.,2,267119
128saC5htQYebxkM5PPK69qV9EAJ6yK4BN,0.,2,267119
12gdGWutrutNSkPNZ9mXuEM39kv5vTCd2Y,0.,2,267119
12gxcxTU3dbjsbbC98CjA6P5XwtAjCAhtf,0.,2,267119
12nsvNETXwLseJKDDfwtY4GhzmtpMGQAkY,0.,2,267119
12rmJPn52Da1fih54aBekF8oJF8bDzKvY6,0.,2,267119
12sx8UM3eL4cXxnXCHAjig32KZ4BSV14qr,0.,2,267119
135iCwxbmfdGLoc8DyctACvKryBNJUJm9D,0.,2,267119
1392PvdLJk9muX7X7VszDw9VEK7JuMoNqY,0.,2,267119
13AC7NQqLm6zxeFzgYEBa7JS7s7dgtXXYL,0.,2,267119
13PwSZjRiYFfPmrh41x3g1GBoV6ZLovKWx,0.,2,267119
13TWQDkEcfxusQF5GHhpjH27XWQcni875F,0.,2,267119
13VpWoS1qT1iCVd1sXGnAJcoJBRVhES2vz,0.,2,267119
13cDSXGV7bd3Qfpe8eJTzLBeDxQrENoNem,0.,2,267119
13zm3FnxSGw5xc6yth6b1WHHSxTnjNbn6M,0.,2,267119
14BmAD83zABRoK38NfTwapQzFP8CgUcAHx,0.,2,267119
14DGQFvmwHNznaXvvv1GovG5ReSzBkykBJ,0.,2,267119
14HG2C5qppJDW1hd51Hd7ckaEtMesQZwn8,0.,2,267119
