1P1hFspNM3jBBQYkGxYWeqUuueem8u8sy3,0.,1,241408
14ArbEHSdXhigAoeH2PkToGzC3RTwanfnp,0.,1,241407
18cgkmikpRMqmcPvXnMHCQwweubwPriW7m,0.,1,241407
1BP5GC8QLKRdFiUcaKX3ig7TFFVvoKFgMp,0.,1,241407
1MJWw251EK4Ee9cqjHKtxAk6yQHvW2HR2v,0.,1,241407
15j9ZimdeFEVitm9bXu1cAGp4ngfhKuauH,0.,1,241404
15kP1JPja9G1o5sXKMELHTmJ1djg2kk7eZ,0.,1,241399
1A79Za42LcaBRnGPMWcMEsGoYC7A4acEuJ,0.,1,241399
1K9JrGhaN2NLW7SGwFf2HxUpNg5d8bV7is,0.,1,241399
198iUvUDQzKiiiMx5EHQi2uF9myqCyD4RH,0.,1,241398
1H43UYi8eqdRtg9JcW67ZUnKcnzAQZEoig,0.,1,241398
1N1B3QFvDpYRssVDkvrnApBhSRRNq6yBp9,0.,1,241398
13fPuj2LvT69ksp95Rt44a7hxSYHiJPxME,0.,1,241396
1ABdb6maGBWRybDNzWEk168jXbXSLc23Uq,0.,1,241396
1HrYJCRi8ZuwjehA5FVi52NrrHjYn3ps7R,0.,1,241396
1J2NfEjKpQZjQEiGvN7ASMmTPXAZ7tWPsB,0.,1,241396
1P5aimjoSA2cqpXcVzeZfPsW92fwzE5V1o,0.,1,241396
1JSMQ5MxRkpS8QsuD4c7QeHvL8JvJpK236,0.,1,241392
1AZHxuLrgXY32rz2FxXhzm5sZQ6gKqcBKk,0.,1,241384
1BkfHnAJwF2PZgWeK7KfTWRFoS81E5dMc9,0.,1,241384
1DMwpBkvJgZnchys4d7g9C9gaKyvsb9DRu,0.,1,241384
1JE7n2vGMrW9CM2pnRdKDJhW4K4B7q1qzB,0.,1,241384
1JF4ihN32789RSknpbc6wPYA1zYZQqyFT1,0.,1,241384
1KkyphoTpQeHjkXY3UFXRn2ajeTDsjAxLC,0.,1,241384
1PMQuC9RdpJ1i6KpfDtbZQcJxTnoQXJ37J,0.,1,241384
14YCkTb136Mn6LQi1oCH4WiA6fqZ2TiEiM,0.,1,241375
1LXAR2Wyuej9fCsWKCEWjv3BorKTYUSdiz,0.,1,241374
1NL1nQccb9hLGwDKktv6CaSo8CykW4n1H3,0.,1,241374
18qMTTYH5D8ZBMEnovv3ksNa1zpvv2hPjW,0.,1,241373
19ZH4HoK5PLhUapern51oujAZJReCZkrNv,0.,1,241373
1F7jP9MKR59UkhWw5DuW41dEdrzAf3ssYm,0.,1,241371
12t8JUE4CiUMTZaTQbanZRPBfN1VNeXopE,0.,1,241367
135FsjBFRVnUWCq9bvhYojVSPS8vDwmssK,0.,1,241367
154coGu7i96gbYDWZZYEiye8kdyyPHJP2j,0.,1,241367
15NzXXA74b1aZVASV1UYdj2P9aQvm2hPyi,0.,1,241367
17tGWjnVjceF9QoVE7iYU9geG8mbBvKSMs,0.,1,241367
1ChPvwTDKA3Fvko4QpwfnuwMCDHFZKAfXY,0.,1,241367
1JsoBNYWH816ujNUMWRXRZW7k8KNtWiJYa,0.,1,241367
16LgTzU15Rsnzdo9Mac5FmCPoz6DN2H7SJ,0.,1,241364
1Au72U9utE7d65yLxv4QEKGMeCcchtZaU,0.,1,241364
1GVKEqWVG7n1MeYzVerggQRcsj82QSMjXA,0.,1,241364
1KAWzWzHmDFA8EXiCXZGZ5pg7eRELHQhdu,0.,1,241364
15AAanyZ1wvyQUU43gaCu1bURikLcgXeRW,0.,1,241361
1DyteRB3eWaRTk91TDJdXLgHbHCPr5UH4y,0.,1,241361
1G3E8eX17USh5pRohVQ2oXn8kna9JH7HTn,0.,1,241361
1AHw8nMBa7R2tvPtaD2QUrCV9Z2SFU8qUo,0.,1,241360
18jYvn6NZ7q7BWSLsESURzL535wJ8T8aZ6,0.,1,241357
19JnTpuhujxSoV9epUqT5qkS6FGDuUjiRg,0.,1,241357
1nK3Xo9A3GovTBaWKjKP4M8T5T5YVuTV6,0.,1,241357
17P3tHw5vxwyEsCvBKQDMy2pkSQUZ3MoX,0.,1,241355
19YVS2f19B6VtoEUMHp1DbYhxZL71NZG6J,0.,1,241349
1BnJQuw4ihVzxbXc7i6DxhiqyGqrz8p2iL,0.,1,241349
1FhbJbVNC59Mx1g2FzPuj5dtkrmnrWLQoy,0.,1,241349
12JQ6EbHKyoZRAayigd7tUsoFthhxVTgy1,0.,1,241344
1CCk4oev99k8AKP2YJNM8mQ3sEahKQ2QPx,0.,1,241344
1KFGcHEjnHFYE1a13Akg96GawsfXPE5Gbm,0.,1,241344
17GJfyvnUhtyh1JRUsgsDMDV3jXAhZd5mi,0.,1,241342
1CaLY449RLnNGz4sEMFBDP6HxKAcCU2Gg5,0.,1,241342
1D7GtRq8ZYAiait5owJpxMTKfVC93ddfuh,0.,1,241342
1DdEVJy6RYHfiiwnFA1REVEFFBpR4q3L6A,0.,1,241342
18EWtxrEwLA9TNjJTFzeR7td3dFJBrjFUB,0.,1,241338
1DBzwcsn45jxRp2Yxfz3m8CD51LQs2jCQL,0.,1,241338
1FmWkJJnmWaqXxwuyij5a2yng1hXKTRAs8,0.,1,241338
1NL4y3WNgKaAGsFBBfKUjSzyJ7XeXnbWWD,0.,1,241324
1NunQV5GULpPcahqF1iC4a3dA2n7W6SRXj,0.,1,241324
14beeUcGdSD6XkZ7behx13ZgM5N8x99med,0.,1,241321
1AfsMQ4t5RpR3bjRGxEogvBdbj2GXchWFs,0.,1,241321
1BXMeuJDarHnjnToM9fkN2wvWVHKqpmVPg,0.,1,241321
1BpiVnd2UP9ZhajWfQDsZsr51aHsRRtRm6,0.,1,241321
1J2o7jmTKno5PcxwzTo5TRjiEQbSAkme63,0.,1,241321
1Ks3YvDwpXUtWX71ai6EiiYUxvWJiYeNL1,0.,1,241321
1MnuRM3R2WuWXu6Mt6fUyCkisoYiAPVQZn,0.,1,241321
1N2YW7Lt4urCckqRuGFAz7DefZKGz7beo7,0.,1,241321
12NpckiQ84NXR7Ufu3rAJKEKdLr2kXW9u8,0.,1,241319
14nbJYvZopi2AJTEK23pL2Q96yTA6tpN8L,0.,1,241319
1GKPtpQgsAdBfmeQSoxVhB7pQKy4SwvHEo,0.,1,241319
1QC7em4dJvKmqE4AkWtHeFyVXMgxTNk5p5,0.,1,241316
1782QQFMmWAqrJDpHfNSEPZwpZb5vMsaU5,0.,1,241314
1EG4huTp2LVMDKwzPyECtLPoMBAZrBkXqM,0.,1,241314
1N1ivP9iThLJBACkozFECHPpCys7puziTe,0.,1,241309
1JY1qE2bP6HNgPSQoT6CjNsdK25qZhjwFu,0.,1,241307
14VBPGdkvRfpkUAyxpNu4BTEC9U5GS5HcM,0.,1,241306
15okewrnc4VrCQzkeFeCTapZBPRyWitAis,0.,1,241306
18SGRjo6TQK7Mce3VVgHrfUbfDq89hX6qc,0.,1,241306
1HwKVat2g1wd36Wn33qcZo42fxJhQGkLoj,0.,1,241306
1PP9rJQxQePkpL3LG6KpUQNnR3fUV5Emc1,0.,1,241306
1TyczYKCsVCmDYSQ6Nbjs2JTQDpcdMs8f,0.,1,241306
1LRP8eg7Mj9vb75GJAKL6LSdStP99PukKZ,0.,1,241299
14af14inG28w3naxZjfk5gSXZuTFjdR2Vk,0.,1,241297
16oRneD2Z6W1wFAHcsiFUcAWXAjyBVrY5F,0.,1,241297
1GSR5f4kESGkeWnqUuxoRbpVKbHL6oMtmb,0.,1,241297
173UVoSYzRi5U61kishYhqL6ymTMW5BGLj,0.,1,241289
15qMqFB2FqHmZeteq474JA4cWGF4ug4j3y,0.,1,241287
16H8js48nvU7pjh15NQbHL4ymSzFvcFXpX,0.,1,241287
1BMLqbo2BDHF39rmAjFY5nRdgZ36UFTh6N,0.,1,241287
1Jduke7JBTGqYLPeGyhbLFW8poFzbCwLN1,0.,1,241287
1Q6PVvcxsSaNSKgrL2uNKRXStn5zgnMQMY,0.,1,241287
16S54ZWL8Kd7MExpf9Qbr2i34P17cMH3A7,0.,1,241282
16tTwakcEjxzPJGLVGAeof7FaiLJR3GTEF,0.,1,241282
19asHCue4A6x5swVpSUiLgo7sinRugdjsE,0.,1,241282
