1DoXsH7gq67bnzEhz45uCV7YjAjHjtHkv8,0.,1,338097
1GfAMpWewUpbSpq3PvnakeQXEdi4ozZDQ3,0.,1,338097
1n3B49R97rGnG9PKWPJA3YPK19jgjqGDH,0.,1,338097
17N6ZZEcb3ixoBYobMVWkW8A2eHmRpYoqS,0.,1,338096
1CdanhDQbXJtFxkHtaWKP9wTqxc5JeThTY,0.,1,338096
1HbhuRvFdzVkg9vVizyMuZyVkprzBKYvvZ,0.,1,338096
1MSPqS1dp1Z1i4BvykFidKn4xHjjkdRR7Q,0.,1,338096
127JzNrqhuAvCcN3ZpBTr6aQdJf1wAQgqD,0.,1,338095
177p8SCCEYW6keijQVdSd73REGsdZQkbB7,0.,1,338095
17bNsme3Pq2jV49Rq91Jtsn3Rdvn4pkyCY,0.,1,338095
17vWzPfArQK9EMb6fXGrnTMD9uBYrjf4vv,0.,1,338095
19pPAvy7L8mcKCU48fZjWgsVA77ZpCkByn,0.,1,338095
1AA9uPbWEcHi3u7f6UkCKBcDkA1BdG4sxo,0.,1,338095
1BWkBxqHye3qfjwepgUAynRRWEHbhnKGy2,0.,1,338095
1DGgu3aj2LDWwL8C5JVQs4DmvxafJpt86z,0.,1,338095
1KDn9ziv1Hu8wfEmhymmMZFtPhuz6Sw23n,0.,1,338095
1MkFvrAxthcjP4yP46WfoJK5bgnTwmFZav,0.,1,338095
1ATFhyY9TzmmFy2GBvmmT4WnxwFWnPVco5,0.,1,338094
1BsKBP1xNzkBZM6q3yS1jdRYtZfijytf3s,0.,1,338092
1GNey2zUSFeJcLsxmmUwTGovmyfXUqyWGa,0.,1,338092
1HG6KPbdsexFPxmgwEn5UtPzaDPPytEhis,0.,1,338091
12Wqxr47dp8nH815a1dM25kxxNvDWg7YwG,0.,1,338090
14w12C2noPCEVuwv4NR4rAUugZBc2T4pwD,0.,1,338090
16hft27BPEnLcmdiDQGqh3hjVt3xtqmo5m,0.,1,338090
1AGXbKiPjYaCKo34cgQbwQJ2ug5nUUdfN2,0.,1,338090
1ATWhAQE4mFy1SvwmLfXT8qoaPRm28cQxx,0.,1,338090
1C6mszQwniGiKe9zwVaUbWshM8zWm4qfia,0.,1,338090
1M8mxGPZqeXn9bsMxmr44NHnvqhyAUbGQv,0.,1,338090
15wNC4Lej7RL6iUj3QRahNuM8GfhtgBL4R,0.,1,338087
19QDtT21BQXvGAswv6bJAsY94tWHB4spqD,0.,1,338087
1EkQG7KLSJHAL5geFdorvBRxpxHruf3ong,0.,1,338087
1MUJA7T3RJjcJ3ppFNi6WuV7ZHcSvqx2dH,0.,1,338087
1AUpsPJDtvLL9eoibvYTBDqu7A9C21cQ8Z,0.,1,338086
1ECMabdjS2mdVbaY2V1RiNPe8DKGZ2s1zv,0.,1,338086
1GXmU587dwEFHiPVLrvvb1fipdsB2NFVcx,0.,1,338086
1cAodT8ZAhmMCgXnmPR3m1Jo7oH6uhmTm,0.,1,338086
16AD6wq8rXMFYmPXWt9iXWYoPhkDrQqgKt,0.,1,338085
1N6Qeccwk2zxw7t3z7pdaAFjhyJcS6CfNb,0.,1,338085
13tAf8Z59yhHVEDiXr2Uzjyt3ofox6AMKC,0.,1,338084
1D3SPsbSpmKqBF2xZi1kFVYnssuT52BNmH,0.,1,338084
1DQWSz5Hu5ipk4ha6o5XwiXdRcAmKouQZW,0.,1,338084
1HFuUpxQtr73xvbjM74zR5JtLcHvBkVsrS,0.,1,338084
15gYqVvp59jH4dD4nGCkiBo6LVHNRZgze9,0.,1,338082
1PTTjxcmWm5DZ7qe19AjUzzkZaueqoVNuE,0.,1,338082
1MJ1oykiG5Rq4yJGgq9XrWyy82mZVAq4WP,0.,1,338081
12WFLXsEW15dWZF9tk29paz5jkLuq3iEZH,0.,1,338080
14LmZEyLh2p8q6nArF1StZWPiQ1ewDkjDm,0.,1,338080
1Ehwyi8TC8KJdwvQmGm4UVyVXnitu7iVn9,0.,1,338080
1LBeam7c8dJRQRMTyDkYKc4bbGq339cxqN,0.,1,338080
17uC7tN3CNSzFdBBLJmYQCbGhQFsDyeMNJ,0.,1,338079
1BJRXP5jZ2Vi3BoQyNFZXnQxC7jcf5376q,0.,1,338079
1BM8sR817aiiSKRmoN42TsbRTqqpzMiR1Z,0.,1,338079
1BzHuoZavnZXLkhi46rKUNDCdcjaCLj1ow,0.,1,338079
1Dx12qkLjW9sopxmhChhrwXbT8FJxe5tf7,0.,1,338079
1EtE7SXUv7EESjjErBVBp68Mw4PH8pirRQ,0.,1,338079
1FiB1jnEapcphHZjGSVqKfwUwwZHF1MwbF,0.,1,338079
1PYJjMDVV69KYkj8XtNP6keQPDHxCLqXQd,0.,1,338078
15gkFFNBFfEqQ54KhB7Cq7MrLeva4xQWpB,0.,1,338077
1HBzai2k9c7XYgcd7PUz7rpj7Bq5Jx2mcD,0.,1,338077
1DnM9GpJMBP79FBtxRJJEDmDi2WkorMYPE,0.,1,338074
1DxoAS4Fa77onfhnNJdACPQExQa8iwcV1v,0.,1,338073
1NchEbqsZgU9HFUeDusG3uyPTQF4CDXn89,0.,1,338073
12pya4RiEPgdwFpyRZVQ7cKoSLnMTYjwHi,0.,1,338072
18gAHBnDGqt5khHpR3t8XPKgYFont3ZQzG,0.,1,338072
19NemVpFQoc5R5Pby2rnq8opBwCSrmkX68,0.,1,338072
1FiSqNF2KpJsfZSQ48xibU8u9yHnzEjznK,0.,1,338072
1JjiQYu7vHimsXoRKoSxtpsAY9YM7Kv5hA,0.,1,338072
16t18aEEjCvUY4KXenaHkfSnDQpXvhJqC3,0.,1,338071
18WZx5UncVoPxXiTDi82w59fWieqPtJhzf,0.,1,338070
1AzNPSx7tx9uLUqdTHt9MfhJTJKnW8BhAM,0.,1,338070
1DETnmPpwE4r9HyBgvZpeuF73w1kGVM39E,0.,1,338070
1DbYtmvgGjnAmWRrykkfd2fdMStHvKQnqT,0.,1,338070
1M9z87K9rajsV3x5KJZJzVuaK15gHhYMAZ,0.,1,338070
1387YhmbHttXn3fR8AkuniTyCgW4aueob7,0.,1,338069
19auTdM9TNFKHfFdkBjewdiuv4CLPLYpc,0.,1,338069
1AuAyxF4u5LnRaeeMd6n9suW9Gvx4hWhmj,0.,1,338069
1DdEQNT7NiZNckDoRFBZVyd6cE5rTnRLk4,0.,1,338069
1GWMHDCFiiPJ1QJX3WBsJMhckfjwPmypDT,0.,1,338069
1J1Wx9McJnds8jnco3hRsH9Hv5H5WXS6YQ,0.,1,338069
12UUHjZ6gb2tw4tVWKYRagMg3JWo7jGJH6,0.,1,338068
157JMBJVxsvZCptP4e24xTv4Hpr64wdegF,0.,1,338068
18KSpLJDa4cbosEixm74EhFaMVHVkXXdGd,0.,1,338068
1ArnGEDvHTTXP82mNJnZUTabrZZmkPScTF,0.,1,338068
1DWa1Yw7V47msYvBDRyQzWbh9G4QrtKgDo,0.,1,338068
1FBGiw9mC3SYrwt8KqGb5p4QzDdpjhssy6,0.,1,338068
1FSSQDPDWm65xT1HMhM2cv75qVFKjuiJin,0.,1,338068
1JbmaGNnz1KjC3nqFKoHUbqWYgMheMvyyb,0.,1,338068
1KvQVdV8cg6RCaEow1VuB5A2NRwLZgf1RK,0.,1,338068
1LMq5mgenoXmPHRP4ayt3Ug7YfpxGeYhhZ,0.,1,338068
1MNTzpjAhRXyDGf5DUB43Ts6JyNqQ68G1K,0.,1,338068
1MwEkQMpzCba5RZuuDBeVWbWTvXi3Vvjkh,0.,1,338068
1Nai7mHFjmkYEmbJGpuDkagtQDfiN6eZyZ,0.,1,338068
1Pcd22Mft8qhcbSb7ULBbrM3NDW1ptXXUs,0.,1,338068
14GELuB1aPk2zSKDFUnT4df1xXEkj7L6VF,0.,1,338067
19Knq9R1Pzb4n1XqZCoTeEiwn3HBD3UKCY,0.,1,338067
1CcA1yPrQKBzrCSRMfDgcS7pMtx2fsRerX,0.,1,338067
1GgR9LRrxnHKwckiAbZT1PRLepfiMKU5wK,0.,1,338067
17UyxRc69yLN8Ry2DE8xX3ShMUoA7A92dM,0.,1,338066
18TZsoeNySoh446wTQPCcQQLAji7JDQT3d,0.,1,338066
1K9k8okafkQAkoB3PxVGsVi6G18Nhg8vp5,0.,1,338066
