1PrSRm6L9BhoaHkYwLMGvwdQGEH73KtSj8,0.,1,444869
1MYmnEpCDgwXLcGe2qfxksbAjZTtijy3xi,0.,1,444867
1PYVpnp5MRTfftWc9FzQknqRwG6ExFQ1H5,0.,1,444866
13Z1jM7DAYDEhYM7gjvQqNyzZPpceSs1hS,0.,1,444863
16BpL8ZYPTDjygJnAZMrF4TGSzp2k7jMFc,0.,1,444863
1EvJ3b8NzjpcU9NTQBLBiamjihUpZUL1gk,0.,1,444863
1FvY2jPkfaasnDQGqwSDKdFEb22ze55TWN,0.,1,444863
1GYWqi2F479iqgkw29gxacwe9xpmxkNZr5,0.,1,444863
1HFWyAwBC9rgxCAJajYf9siZYCPxfQ5CWn,0.,1,444863
1EtsQqwQBMreumVxgkw3fsxhtWzbQfBa9w,0.,1,444857
1Nb2wxHjqYd8byFuPxkxPRm5T4BpkrhboV,0.,1,444857
1DkK2sAHn5S79eD67hwapCLVjpLwL3k4AY,0.,1,444855
1KqoZUkaKky8BuYJDtJUt7LLTUMgyniRt2,0.,1,444855
13nyuqjsTQ9TT81TK1TxKjXFHh8LDYpKTK,0.,1,444854
1GzNDsoaBiujQ3NtguKJC2XUnkDZJncHM2,0.,1,444854
1JaY7Voyi3zddRSgwesy2JK7y3TgnhWUGX,0.,1,444854
1MZvKozV2bBEx5xd8LJyrHsNZcCAdNk9WV,0.,1,444854
1DUK7SUe331tALrCgLrAooNo2kVJ3Bp5nZ,0.,1,444852
144bMKzN6XkrDyyFJyNPhkBwGxL8x1nqVQ,0.,1,444850
14K7VEzLxQuJZM79Woan2MfXhmt9Qu2yXo,0.,1,444850
14UvXJxHBhGvkBEgAF2z4Dw4KrjS2DeeDK,0.,1,444850
16V3wmxuLtv8H2QzL2Y4YB9rxp3KXqW1tT,0.,1,444850
1B53vYHKMNSubayFkboZoDusUjmJkCsyD7,0.,1,444850
1ChDPvqUi3WPtgd9tHvpM4Ju9g2X6tgkMM,0.,1,444850
1KU6RDguMu3dFctHL81BgdqyLtKx69dPES,0.,1,444850
19d4MXTPcwBtGZeGY4XpPzbKyWDjqvgYUd,0.,1,444846
1Mk2D8XE6QPm5VpYt6sPu9XbZrntqMoPKJ,0.,1,444846
1MvduAH5CX15jbXKjsGqf1uQ3u66Q8C6A4,0.,1,444846
1C61QdEZdzp1nqtAmUeaQ9jZGQYtxanuU2,0.,1,444845
1DPDvbMH2ZLp78XbpwCcmUiQyEP91qnmvR,0.,1,444845
1CCFBjFcSY3RUAXrqmzoKKdhyjscNvZDSD,0.,1,444844
1FjSgAefeni1WDjvhRxH9XtG3HoYMRtu6w,0.,1,444844
1LdWcmkPDwQuSZxazMy7tpbdYRzQtVJifL,0.,1,444844
1HQYfkM1FG54Wd7p6yKSAEhqGrrnkkfFMn,0.,1,444843
1MVtBnScBoo2yLpwCAAY2n7JrTwy3oLJ2T,0.,1,444842
15Y9yszqpQX4bd6B3z9yEDX7iNdQSrtFEf,0.,1,444840
1Ddk3hFwH8ng2aSSt6fwSmoyu78K5E5Mcu,0.,1,444840
1Ehu78siQEYPPUYSUygQa3n8VQ4Z3ZXKJW,0.,1,444840
1NDD3RrNttZJLuR8QZUdJZM4AcmVo6oHaJ,0.,1,444840
17x2D6GS9afXpRRqE12Bo5aMmR8bShMJAk,0.,1,444838
1BpzLKXJqFobATmuT4UEWcrBt5RdhfTL9r,0.,1,444838
1JffDBzP8At4wPAESHTWe7mZ7yFuepMG7g,0.,1,444838
1Jo8RixM1mJatUxM9K1pqQ9TGsbybmUnQm,0.,1,444838
13jtNdz9WyGyBH4NSgT5V2pQYUuAn4wCsQ,0.,1,444837
152wqSGvf2CCNwKRKHsrMgHKVKVqWuFsFz,0.,1,444837
1JTbbMgHb8edF7teT6spM5KMJXCN8zHR3,0.,1,444837
1JewLfcYSb4SyRfkgcDHKeFXXktaMp1VwK,0.,1,444837
1DMLiBaWKMigZ9YTbRQ6KMmjy2FY9AqWJo,0.,1,444836
1F5nyAzfnyZDE9h3XKuothuyqS73JTAD9f,0.,1,444836
1CQrTyMKngxwd4Hiu7XFJaxKmqLuVWyA6L,0.,1,444835
1GMM9x9fsKukyrYhRDks8vLPobjQTJnrSu,0.,1,444835
1HYWvceh9y5S2jt4WNkKdxTioJVUUoD8Tr,0.,1,444835
1MnRtECdo96v5GjZjapG6abaTsrN8Sbi3t,0.,1,444835
155n4p4nag8r3UQyX9Ly3QdFUGnFdgxtpV,0.,1,444833
1KaG7Uw5bHfJtNHQcDBksrdrNdx7boQiWP,0.,1,444833
12vWY1X6QPszFDsKxQnwj6efyWtX1ujJp4,0.,1,444829
13GTnh4ATyrU9SG2yAKVCxZ597Gqn2nUuM,0.,1,444829
14FsXx4fnaHqk3igAZPz4bN77rLwGeSrDa,0.,1,444829
16gjw9qEY1RxjxoopR27vjCnDU8MqPsEcZ,0.,1,444829
1Mh5oBfvhTJjWfuSj7ob5qXPfGZ46D9kLW,0.,1,444829
1N7TnTystSPKSncCAhSRPBdf7fJYXUyXx2,0.,1,444829
1Cc5wdi4USrA2cb9QXfHrtagg4QRBtsaPk,0.,1,444827
136vWN3JRnvkVfUU3721imQdkJMhzoY5de,0.,1,444823
1PadtM1jquoH94YgjXkRfwdHPUTdhZAUL1,0.,1,444823
14jA3rhUHZt1zRd1K2rYFEmqpc9rquM2i5,0.,1,444822
16mVwxc2Lktw2eXusRBr5aY51tiu6dbdLv,0.,1,444822
1KeEYkbHxJGWyNcDb3PaikbtB3ogKF8bV7,0.,1,444822
1M4HF2RUbWeDUhxZpfQkMYRNn1Vnw8LqcX,0.,1,444822
1NBAMHmjuS5khGCD7tM3oUeYQNjDYdd5it,0.,1,444822
15vUkxj5KRv4CSyXeG1LrwJXmBNQQb9jBS,0.,1,444817
18keGset4TeJerZcM8ExNsnJC2NMM5qekY,0.,1,444817
1MFdn6B9ga8pRMTUUAUWJfFTEnSnLWjdFK,0.,1,444817
127WsyUapS5xH3toSKbNkfGq4XV8akszG6,0.,1,444816
18PJTD8s2Ex59b8eSF7fMc1xhqeLGbXRAy,0.,1,444816
1P887a5G6QbjhF9yeRkt2T1XG8eMtkxphM,0.,1,444816
1CobEADpgJFSEDgKGdbajH1ByzMXnCRGsB,0.,1,444812
18p3xuht2EeJ9ASd9jvubRwXcd9ru2E3Ho,0.,1,444809
1Bvab14F3qkPPnLVKv4u7w6VTUZctxYyFy,0.,1,444809
1E9BCh1aSs5aond2YtBoZK93rUCL83Z82o,0.,1,444809
1EVs44qbNyfzcNupxvBHgdvJWbjErxwnwn,0.,1,444806
1FMjaXQxnhatYokAzMQKGQGwfujjdZbZ1B,0.,1,444806
1N67BeungRAtQ16z6SXmoxs9ThJtvYue7o,0.,1,444804
15Z5jH7XTd5y1NfGM8UaQxrR5THJqvED4A,0.,1,444802
1MMj68JPqV7osudjcXwNGQDy9JBmbNg2Qo,0.,1,444802
1Dffpnqc1HvAER4fSc3DnvNyKiTq2naZe6,0.,1,444798
12mtjgxQvN78Cx39MKyoJeBxxy4PZoN1n2,0.,1,444796
1HhXXVxFUoGJan8pfNutr5L6GhJ5Jjskat,0.,1,444795
1J4S6M6GdcvwAZVD64wo54U7EZ8wRdQJ68,0.,1,444795
1KRhMBRgARxZ3zPQTJxtvs4DhgsJsT2oUe,0.,1,444792
15SdZRZiaLtLP6oq4iXANcTZBJZpkx46cA,0.,1,444790
1DY6nCG8WddCkg57apeUFDNfc3X7icEHHZ,0.,1,444788
1LULNJqYoiE5CwNJe95N5LCfzSyevDL2AJ,0.,1,444786
19U32K3U2sVx1VqkaQC4vrmhqLq7hRtHF2,0.,1,444781
1BcPKwFhahis4RTnJPmV5bXcMUYNQqdH6b,0.,1,444781
1D1y5JWpM5RbwMubKuGTPRFBxs1TsaAD4h,0.,1,444781
1MhxNe82xmXnhB67tWnWosPHeg74kLvQPF,0.,1,444781
1D7z7x5zXpK1y1dEp4YmGju2DkfShCvkxP,0.,1,444778
1MQrRKptD8mHXZcTfRHip4DLu5nV5MeEzU,0.,1,444777
16j5skTqSMgedxRzPLcVwpUSaTAggGZjX,0.,1,444776
1QA27axWsbUgGUSceFtaCTbWnaHFscD1zf,0.,1,444776
