1QKw2mosSfdyTdYtK3kvboUVg775jSJEhy,0.,1,338414
1CdTm4V9jKfrQVQWnyffeCXHD9MiokYu8m,0.,1,338409
1BbcGnTn7iVkjYBz5ARXD6HxBAtRHhGqH7,0.,1,338405
1DkF7eXF8gAoCRLxjaNPmZe1dJqWJpadrR,0.,1,338405
1GY5jsGiGm6sURkx78qnvJaDaQdrPAf7kQ,0.,1,338405
1MBu9PCzD9GzYbyrtnmWy17s9RjSY7zY8Q,0.,1,338405
1427rii1xs1k3Eah1gSLZRrifqusD1oxaF,0.,1,338404
19XsF8BRQZbU8Lqc8DJ5AmoFThyeJhnfbp,0.,1,338404
1NhBVtbHEZuHZFtoYo7TAp5YMAQkHmLQuP,0.,1,338404
137bLgW4ry5nweuu4ALdtfbQwXt8USfYQW,0.,1,338401
1Lt3eYMFNyv4H8LJPzTnECVnNcvqTbUdoN,0.,1,338399
1DPsqEjKhZBBEapu61CESjmg1nKfS48mu6,0.,1,338397
1KB59dfr3PD7yNFiKvJXXxAdtUaVsYzcpK,0.,1,338397
1GexN6GGoJhiGMK3dqD9E4DjUSFKsa9HKL,0.,1,338389
13pSWvByCwBWPSHpXcHYGCYegtaeAfTe2L,0.,1,338384
1HP6utcdSdTLxHcVTxvGpf1fFofSGCr6AM,0.,1,338384
16A92THAmLtDYUTvKprcjifA9ZU37TTncK,0.,1,338380
1ERKcznhDNngkHobYdF9jhC81VfkWwPqkG,0.,1,338378
1KKbWVPpwdhmMP5XhJHuAogCL1Sx37N7aj,0.,1,338373
1Q6XyGUyigWxerxQ25VyDmThUC34nLjEs3,0.,1,338373
12ZzrjGaDbmCt3o2hW9mTjggPjvYMXvHqs,0.,1,338370
1AiQTkrjzbPRrGLQ7rAKrWcJMX3b8fHGC5,0.,1,338370
1L7duELGvvchiC46qtmH5v1wk3KvPvNWkJ,0.,1,338370
1QFvFSnqrV5AKdPJXkpEBh4uSkx1HVPuhA,0.,1,338370
13sdgm2gfUvr4d3sSxNvSLv98js4jM48hW,0.,1,338366
16g4adzNTgjMkhUubj7Za57eH2rdSZMMK1,0.,1,338366
1Bnt5tZU5o7XapkijR3K6FNoXgHqNptLRQ,0.,1,338366
1Cxh6hD23oGH5R9ZmSphL6bDS14Z238raL,0.,1,338366
1UqYiX9KCHsMqymZncSFc1DRm8bPdyyvw,0.,1,338366
16bJAksurbp5uWoQ18sJtefYSbQsGf3bzV,0.,1,338365
1BzXrgfUkchpNE4A54K1ABwdktnHkKMXpY,0.,1,338365
16tqP15uVSUX672eYcFATwMJs8jhz3dAS8,0.,1,338362
18Jht2zrFzPXjvGb4kVQFC7MXYGrL7NjCQ,0.,1,338362
13TsNcG5q8Qu6hgCrcAQRf3kR57s7kHdYs,0.,1,338357
13qhfemSQCuc3w3TViaYDFNVw5Gjpa2TYY,0.,1,338357
1Gkw8UwVv7f8pAjieUfrQgx1vWWEdwnbAX,0.,1,338357
1DDspuQ9MuABZvKSnQ7MvBimWHtBTWUajd,0.,1,338353
1JoMDodwgshrZc5Td3XbGAJrA5cxdCT9g1,0.,1,338353
133Drkd3o6iHeqc9am3R7hPocQjwWD9PfQ,0.,1,338351
169n14fcWPaDWoSEFSPqwXwY49P294hgPk,0.,1,338351
1JrQK1nKyMP7FB74QLYRvZYThRFNezjbJG,0.,1,338351
1NWNsDBCWcQKTjKvjHSPfMXn7Kz2EU2Ris,0.,1,338351
1CJKptjtURubTZUocJWJgdKHg1EQwoEwRt,0.,1,338348
168TBPebkte22gHHvD62uxX35xojQNWuD1,0.,1,338346
19Di2omNf9eZTqkdrwmeipVGVL85A92mL1,0.,1,338344
1HDohTXNYMutbTVFyW3mqay5bVttEY5TjB,0.,1,338344
1NWeP75fRhChCfNfqz9cCKUUtaSrw3DUkM,0.,1,338344
1vbiADNCArHJewiQhy3knaFSduknuQ1Wv,0.,1,338344
1Bp5T1XaXbF5akZsryFqPvWnJAMcqd13w7,0.,1,338343
1NBkziAALbddG9oFmk4kJFRcHUGQ6YphMF,0.,1,338342
1PCY8srjf2U1DbbNjekoQfqR8pB1x6Hc8E,0.,1,338342
136V9Wno91UuYpN21KUPB6omgxN34qp44r,0.,1,338339
1GFWqNonrcMSjFbD25EUk3eS7qhSFdfTdZ,0.,1,338339
1JbkT8ciok91qtoNi9HRDnLMeYyk1iGpju,0.,1,338339
1LVzwQtGXH1z7vGh8keBa2B3iyMaF38LXS,0.,1,338339
1NsEdK2iLw9sbfVWU6RptPfBgHHA75YqDU,0.,1,338339
124E8orDX2MtqR3zyhxUWtH9NdHpVqyDhD,0.,1,338334
17nZkCsuMmp1KojQePPhQVhA7mQBSn1ZKL,0.,1,338334
18qrWvHzgW1NoWFh7WD1D9aiKdeM9oAzHn,0.,1,338332
18rFyos6r2ubBagMht6BEVAvvBey3NAAzw,0.,1,338332
1EJqBRxj2W7g4fhPGr3CWJ156PkaUegLgA,0.,1,338332
16BHE8LrZ1o8JDDvx2r9VG8oCKAhzvpEkC,0.,1,338331
1AXeJSKKPYFiJhHb8EMhsiZtz3ym9iHwYZ,0.,1,338331
1CaaKU4teXykFaN3XEL9CDQ5SZjFHRec7C,0.,1,338331
1KP3crBc5jUXkpyLRKyjboPxEe179ajinu,0.,1,338331
1JyQcRzcNroUfWFQCKEW8EYYS8s6FSL4Ex,0.,1,338329
1L7tSBJXrexbjKYpnrBjbvMQKdG87a8JND,0.,1,338329
14J3mu2to1KTbR3ncLadionpbwUdxo1uE2,0.,1,338325
14qpJykr1LCfrBEd6DPy6ZFVwME7ShC3Jy,0.,1,338325
1oRekJoxBXuwCZXJkiHuUuTedffAk8Jfn,0.,1,338325
12ykHyUmtczb8AXMzvY1o4vm3P2JRrxLu6,0.,1,338324
14pJhtsu52Tg5LRzJjaLPMXKos7B2wecaH,0.,1,338324
1HjMPapLgBMXoJwxoogVbQkJYUthn6uHyb,0.,1,338324
17vHjusaoErZjqa4zNsGWgQPEUrDHWzSTA,0.,1,338323
184xdQyabKaEvHdPzRy9Vb5h6C5tEnGiuw,0.,1,338323
1K4zWNHeoP8EyXJZQfJDeYwa3npa8CHtUe,0.,1,338323
15X9KTG2oYJqkEuETJ4iL5agsSxCjQp9aT,0.,1,338319
1GbuP4ne1EKMCEVkEX2VDtpU8hE24TD78s,0.,1,338319
1EPkFgnJMdYyZ9uBtDQht6YwAGD11warb9,0.,1,338317
18PnxWdk4sFnkTUETkUYLWC43HQH7vrkCf,0.,1,338315
1BapCJu4gtEXiPZMbRJ5oCrWGYbvj2ywNQ,0.,1,338315
1HYuE2Yr5gtN9VmjE7RYKJX9W9QX1sXaeU,0.,1,338307
1Jigzz27kEsisnnDrrUgFAXnjevsGuSCP5,0.,1,338307
1PdPhYGuvJwVAeNACytVvdxPgmuk6AsNWi,0.,1,338307
1TWfeGx1AS3pCin7FxDzb97oscuL6a6Bk,0.,1,338307
16Zi4sQhN5VskcMLX2JatHUboji6PBxB94,0.,1,338306
1EBs6Tz25UASLgGtqz4qg3VXtGm8P3TJeK,0.,1,338306
1EVnYK1UxgyFEiDCPAGCaNnY3VHnE2QSvg,0.,1,338306
1DvYnFNnW7xbFL4ii3mbenV4PUYNvUSHwc,0.,1,338305
1EPFjaCB58YBS1QELF1mgS62QGPaxuqhGX,0.,1,338305
1GQ171JHwMYDHtw2BEGY65AhCQSWCukwAx,0.,1,338305
1JDGUC8dY89eHYJVaHgbUz3iZeJQBASyzD,0.,1,338305
1Q1MrdCpyBjgj78wVVJG7wzTzTk8NCZQ4n,0.,1,338305
1GXTL2XoU3cbvsUWcMWHWAMAgn3nZjCWBL,0.,1,338297
14asrxQioD3gNGETXDGXN3N5oA8j9qL9fQ,0.,1,338287
155NxwbrQ2MCG8GeXFf7dqYcYs73BdFYwN,0.,1,338287
1B3wqVHH4ZXFfZ2aRQ7jCRTnzT1JhPXqPH,0.,1,338287
1FcYgSEbuZJFYp2dR8deCvxJgfxwTgsNXY,0.,1,338287
16BuWnskZMre9pN5N9SydyFzHm9ZwykDyh,0.,1,338286
13m38ogPPvQBvFFd7UJGfbsMxXqGaXUg2V,0.,1,338284
