1EKQVvLDtLUHd879RHXBo8RzkxnnTy6fZp,0.,1,363059
17JZ5fseMKiXuiDKBGkrp2S8aMgP5XwFX7,0.,1,363001
14G77DVLt78UDgHMS4ZZA2A8UXAXqfG5WA,0.,1,362949
14NoHJnpW73XU7X34bwuuqZeET2LZPzHgd,0.,1,362949
12rHQucpnF7D7Sis7rMwhsQA12eufNGVD7,0.,1,362906
1GpCyssGqXvq1HEKQd2qjg1mVyPFZrCj8e,0.,1,362880
1NK4R6DvaegFUgEqmhtmDkUmh7qCg4Yb9,0.,1,362842
12FWn2vopkRQXRP2yLLW6LMuBc2YqgrFQf,0.,1,362784
17B22Ts85qZbdQFmmdgnZfUrjoDQ6PiCRk,0.,1,362784
1JfGiHMfDhxJxYW5aVwztZuhex5Sz8K1TH,0.,1,362784
1JoRDytjqdqV14zBfjbExxjd6Pqnf19zGV,0.,1,362784
172MutSyKsLBb7JJfACx9mpci4yVtGKLe8,0.,1,362776
1GeMVjKJ132Zc2DpD2525ZZHwHTsLbs94t,0.,1,362776
1LHoTZU7h4T4XZa1DCyb5fTRn7oyXKQmpT,0.,1,362776
1NoACM15wQnG7C24RDHYCzeXWDiGDUajCt,0.,1,362771
12dbenhmGzGtL4VcbA2BxTRaW457CVL6vc,0.,1,362762
1PcxoovCdCeqEPQVAYU4nhckzkTHk6S6JZ,0.,1,362760
1Bv3ustuBLysz5aTL7FkwTzNVP4J34S6qF,0.,1,362666
16mXVCiZJXWzSfqxrS44ByWXYGpK4dPAj2,0.,1,362656
1BFbfbbBK92thqcuGB4qKVdWsBhAVRyS51,0.,1,362656
1CLDN3X4DPLZcnM8F1DBHxTN4yzjvEccD1,0.,1,362656
1CjReXAnKqmnpYUZZWi6YN4dQEyWyYbTyM,0.,1,362656
1EDXbCMg1RbGsdtAQX4QEpLTysQVa5pJet,0.,1,362656
1LpDwKVctRKkVqfV9m3K7Qx5EzVvaMioNJ,0.,1,362656
12iBnFSr7KrwwLXbXU8fWrABqHN2JKCLF8,0.,1,362649
1FfpSqwpWmfKoYjTJ8CrH4UvCPrb8awgAn,0.,1,362649
16f2159m4LT7Hq6hkS2rF7vVUHUJ8zrr72,0.,1,362619
1MYwaxTjDKZiWE8vNCBEazXh5RGCFfx4zW,0.,1,362619
14eybTmgxgX3qxqsNy1FBHqYvVXP5n1tgN,0.,1,362616
1Fwna6ifsQP2dF4DDMpXMm6B9guxoNMXkU,0.,1,362616
16N3aXGpXSufmH72KAb1PFFyBXLacMzJ5w,0.,1,362601
13mkL2dR4cyhwVSUHa17QvaNUb7iievyvj,0.,1,362593
162CXgiw6hDX1CbFYcVgAxyR2eFN3JgLzd,0.,1,362593
1AE9GPqcRm6iVvYfM3vty3veNxpk55zVcg,0.,1,362593
1BJwQQ4wwBNUCuqAEdhBQhTuCwTNMUJCvB,0.,1,362593
1F45JqPswXZBv4YzwsdEb8ZtvSgMBPync3,0.,1,362593
1HR63NTD659aBEpGjdsMrKuteKysbBWUM7,0.,1,362593
17sV3YDbXUzKu7ExaSZoQNaKMdSz6BRa8u,0.,1,362587
1JcQAC86w6BQ75mditf7CLH7n83syReRwh,0.,1,362562
1LsgPG9XZ2o1KAj3nGnGykmrxWWRQZyTPq,0.,1,362562
1MJanLzCUXigho1TpePQvgUHy3SxwytbrZ,0.,1,362562
13bmupsS3qqsyeZGyH7EQTAQfWZ3vSyWcH,0.,1,362525
1QE6ZEywj6m2hfqP6DPP1gjV8DCpRhu5nK,0.,1,362501
16CP4zGc3pZnYrL6yPFuqzpsJdvNt5MC2V,0.,1,362500
18EWjUUe4yaSAcUbRQRd3XFtroqE2eBdys,0.,1,362500
1BHyqTL1XKU9UDzeWmXcRHxn7RMxt5mfk4,0.,1,362500
1EU67pRMFw8YXQd76WkNn6M4SZ4dU1Rj4n,0.,1,362432
1JTeMy5MLsye2rdeghotDRxfRmfTKrYw6,0.,1,362358
11678hgyiegAXNj5VoeDv3j6LQMkqRrWTV,0.,1,362350
12aKohLyQj1GmonimBXae86y1PTZJykvbU,0.,1,362337
16FSKWWTzB7Zo7JeT4EZACVWQpEqVmpNp5,0.,1,362333
19SZtpSaEBC4StnaVP2aCo9SZJjfURAQjv,0.,1,362333
1EV6Xnnkho5cXKFgtmjiuLmScabk7YusWZ,0.,1,362322
1CcYMjEPeked9iTA6yJP3Bn573RHEopTy9,0.,1,362281
1EoqVp5ZQDBWqyt4zFatMYdMiL1cWmu7gj,0.,1,362281
195eYmBgdF1sCMk78jWmAERkNrNekS5QNM,0.,1,362184
1MDj2LBM2KuLfVk1BpsGJEcY1oZRXxffT2,0.,1,362184
19y7Q7v1DSYEtjZBgFMRydAjBw7CPAgTYr,0.,1,362177
1LRPXqfm5ZYmfpGdvpMekuVTSA9EACHbve,0.,1,362177
1QFw4dHTnmeJucKzXNQPzAYFhfE4KRfTT7,0.,1,362176
1EnvXfHr2bokyKfeCL25km3CcmyRgJ4UHe,0.,1,362170
1HPBeZJeX5x8tKsMKn5DjUUNEMGkPzMfuk,0.,1,362170
1BVwR1N6hdoMAVoZ2KBGXADBWRrEGatJN3,0.,1,362169
13nyt9BYnM2cSBNUUhbgyQQ4aayCuDw1cB,0.,1,362157
13qzSjcNdaJnJwLE5HHHG6mEKf5DHLdWLG,0.,1,362157
14DYKo5MLfxa1TTMm5NwE13U7pc9GR8JZv,0.,1,362157
197XRHZJJAdk34xmyoubdfin3L2JRKPyUX,0.,1,362157
1DEW6sGtFTWXXbRbJkRm6EKjG8B3Rt9sRh,0.,1,362157
1Fi8fyReBfErk1mqH9K3ex5c4e5xNeNJqm,0.,1,362157
1JNeLjG6n5DaNTheTY5PgQCFkwDq5wEPAf,0.,1,362157
1Jcx2dpZaq7EsFCfDCLUZwCW99gZ5773C6,0.,1,362157
1W9jbixiWV6WopNBK5fZbSZZ4P3AAJz2P,0.,1,362157
15WyY91mjjvqyqn68C9rrZGW6gFHgr5x7Q,0.,1,362153
1JB1axoShQAtsVLRqzVbokXK8ED32c4g6C,0.,1,362153
18zGQL7ng6ecjiozHwjDg6w3FdfAfMP3d4,0.,1,362127
1Dr7kxxe8viS66UzjFbrQ4nBVZ8CBhB1K1,0.,1,362124
19GXSknmVTtxZ4oFxdifm1VT7zxAkttEYv,0.,1,362098
16ajn15wAK1YyDAjcH9beCC43mumdAaHea,0.,1,362059
16xAiHShAsSHVt5efGiuTNmLCpTe4Spxeu,0.,1,362059
1E4uDYWQHFkqwKNsKJGQTs5Zzzp2PNMD77,0.,1,362059
12TyYPb7C5Sd5ET7MtHMEAdvUKYaqGU56B,0.,1,362028
1E55TXgZ6LWm5CEziXfKJ4Nj9fn6YvmE39,0.,1,362014
1P2BDh8FdBqYLY572mDSP5GjenfE4PANmY,0.,1,362014
1FCt1TXdqp1vdRudwRJkCcEpyf9ndZCCfG,0.,1,361996
1GdxSM6yUvWUf6nF5NeDn9H5gpqvyeKA4,0.,1,361996
1Hw5suZDghKqR9rGKSqiEPwp42NN9idPGV,0.,1,361993
1KYyBhim8aK7AGDpSBjt45ADRsciNUkaER,0.,1,361979
1Q97kYvXvsH84ZhbffJkZDgqp1bzn4xp2N,0.,1,361979
1CBBz5UeRLPtCZs1RXuyBdE3dHRdUWowxS,0.,1,361971
1NixMyBhfmTLAY6B3AquLxdDUCuUGK7hJc,0.,1,361968
1Fz4oPL18LsftJd9yvpsaoZs6C1VjPjNfV,0.,1,361962
1Bt2baby6t1qWZ9bYDiHVjhEozMESy3oV2,0.,1,361954
1JGSD6utJUHqzNWtSj9kTeBU466oRAbaGm,0.,1,361954
1JRvyEEDUahZF6magpyGH1XQz8uUeX6fdE,0.,1,361954
1GFoHMoUBMEkAmnAmkni93GT1BSSVmJ1Kb,0.,1,361920
1ATRB73wnXCxbB5WLdoCREWpFre9cvqAxD,0.,1,361872
1CJeZRjzy1e5uxQkegdUXMoWw7Qf8dAWoe,0.,1,361856
1GyRrVxVU28bSVeYm43yWUN6X39a65EjXC,0.,1,361856
1NCSXJTfBDFTeY6cixjEtArFALaGebPtij,0.,1,361854
15S4nc8zaeSQVbmzDLWCAZSjf2QKH1MpSn,0.,1,361841
